timestamp_utc,city,temp,humidity,description
2026-06-27T21:35:47.964353+00:00,Istanbul,23.71,100,clear sky
2026-06-27T21:35:48.023263+00:00,Ankara,20.11,61,clear sky
2026-06-27T21:35:48.072782+00:00,İzmir,24.33,49,clear sky
2026-06-27T21:35:48.118470+00:00,Berlin,24.89,79,light rain
2026-06-27T21:35:48.163420+00:00,London,23.29,67,overcast clouds
2026-06-27T21:41:37.575427+00:00,Istanbul,23.71,100,clear sky
2026-06-27T21:41:37.575427+00:00,Ankara,19.58,54,clear sky
2026-06-27T21:41:37.575427+00:00,İzmir,24.33,49,clear sky
2026-06-27T21:41:37.575427+00:00,Berlin,27.55,47,light rain
2026-06-27T21:41:37.575427+00:00,London,22.71,67,overcast clouds
2026-06-27T23:06:51.574615+00:00,Istanbul,22.97,100,clear sky
2026-06-27T23:06:51.574615+00:00,Ankara,18.45,65,clear sky
2026-06-27T23:06:51.574615+00:00,İzmir,23.52,53,clear sky
2026-06-27T23:06:51.574615+00:00,Berlin,24.63,75,overcast clouds
2026-06-27T23:06:51.574615+00:00,London,21.87,70,broken clouds
2026-06-28T04:12:15.394445+00:00,Istanbul,22.97,100,clear sky
2026-06-28T04:12:15.394445+00:00,Ankara,16.23,71,clear sky
2026-06-28T04:12:15.394445+00:00,İzmir,22.57,62,clear sky
2026-06-28T04:12:15.394445+00:00,Berlin,24.77,76,overcast clouds
2026-06-28T04:12:15.394445+00:00,London,19.58,74,clear sky
2026-06-28T08:24:26.680678+00:00,Istanbul,25.75,100,clear sky
2026-06-28T08:24:26.680678+00:00,Ankara,22.89,31,clear sky
2026-06-28T08:24:26.680678+00:00,İzmir,32.4,59,clear sky
2026-06-28T08:24:26.680678+00:00,Berlin,32.77,50,overcast clouds
2026-06-28T08:24:26.680678+00:00,London,22.03,65,broken clouds
2026-06-28T11:11:08.437045+00:00,Istanbul,29.43,57,clear sky
2026-06-28T11:11:08.437045+00:00,Ankara,25.11,30,clear sky
2026-06-28T11:11:08.437045+00:00,İzmir,36.29,21,clear sky
2026-06-28T11:11:08.437045+00:00,Berlin,37.05,38,overcast clouds
2026-06-28T11:11:08.437045+00:00,London,23.81,59,broken clouds
2026-06-28T13:55:50.554669+00:00,Istanbul,26.78,87,clear sky
2026-06-28T13:55:50.554669+00:00,Ankara,26.23,28,clear sky
2026-06-28T13:55:50.554669+00:00,İzmir,36.29,15,clear sky
2026-06-28T13:55:50.554669+00:00,Berlin,37.77,35,broken clouds
2026-06-28T13:55:50.554669+00:00,London,24.96,50,overcast clouds
2026-06-28T15:21:07.904249+00:00,Istanbul,26.06,95,clear sky
2026-06-28T15:21:07.904249+00:00,Ankara,26.23,32,clear sky
2026-06-28T15:21:07.904249+00:00,İzmir,35.73,14,clear sky
2026-06-28T15:21:07.904249+00:00,Berlin,37.82,34,scattered clouds
2026-06-28T15:21:07.904249+00:00,London,25.95,45,broken clouds
2026-06-28T17:17:33.723721+00:00,Istanbul,25.75,99,clear sky
2026-06-28T17:17:33.723721+00:00,Ankara,24.56,36,clear sky
2026-06-28T17:17:33.723721+00:00,İzmir,33.51,20,clear sky
2026-06-28T17:17:33.723721+00:00,Berlin,35.48,40,scattered clouds
2026-06-28T17:17:33.723721+00:00,London,24.01,50,broken clouds
2026-06-28T19:26:48.381051+00:00,Istanbul,23.71,100,clear sky
2026-06-28T19:26:48.381051+00:00,Ankara,21.78,44,clear sky
2026-06-28T19:26:48.381051+00:00,İzmir,26.81,40,clear sky
2026-06-28T19:26:48.381051+00:00,Berlin,31.41,55,broken clouds
2026-06-28T19:26:48.381051+00:00,London,21.88,54,overcast clouds
2026-06-28T21:06:38.411762+00:00,Istanbul,23.36,100,clear sky
2026-06-28T21:06:38.411762+00:00,Ankara,20.11,52,clear sky
2026-06-28T21:06:38.411762+00:00,İzmir,24.62,36,clear sky
2026-06-28T21:06:38.411762+00:00,Berlin,26.68,94,broken clouds
2026-06-28T21:06:38.411762+00:00,London,19.61,54,overcast clouds
2026-06-28T23:07:38.130774+00:00,Istanbul,22.97,100,clear sky
2026-06-28T23:07:38.130774+00:00,Ankara,18.45,55,clear sky
2026-06-28T23:07:38.130774+00:00,İzmir,23.21,41,clear sky
2026-06-28T23:07:38.130774+00:00,Berlin,25.46,69,scattered clouds
2026-06-28T23:07:38.130774+00:00,London,17.8,56,broken clouds
2026-06-29T04:19:02.914776+00:00,Istanbul,22.31,100,clear sky
2026-06-29T04:19:02.914776+00:00,Ankara,17.34,60,clear sky
2026-06-29T04:19:02.914776+00:00,İzmir,23.01,49,clear sky
2026-06-29T04:19:02.914776+00:00,Berlin,22.57,81,broken clouds
2026-06-29T04:19:02.914776+00:00,London,13.53,78,clear sky
2026-06-29T09:50:45.811267+00:00,Istanbul,31.63,100,clear sky
2026-06-29T09:50:45.811267+00:00,Ankara,25.67,36,clear sky
2026-06-29T09:50:45.811267+00:00,İzmir,35.73,19,clear sky
2026-06-29T09:50:45.811267+00:00,Berlin,27.17,62,overcast clouds
2026-06-29T09:50:45.811267+00:00,London,20.4,52,clear sky
2026-06-29T14:08:26.926169+00:00,Istanbul,31.59,81,clear sky
2026-06-29T14:08:26.926169+00:00,Ankara,29.0,34,clear sky
2026-06-29T14:08:26.926169+00:00,İzmir,36.29,10,clear sky
2026-06-29T14:08:26.926169+00:00,Berlin,25.65,69,overcast clouds
2026-06-29T14:08:26.926169+00:00,London,23.33,44,broken clouds
2026-06-29T17:41:34.479774+00:00,Istanbul,26.79,86,clear sky
2026-06-29T17:41:34.479774+00:00,Ankara,25.69,40,clear sky
2026-06-29T17:41:34.479774+00:00,İzmir,33.51,38,clear sky
2026-06-29T17:41:34.479774+00:00,Berlin,23.28,78,broken clouds
2026-06-29T17:41:34.479774+00:00,London,22.88,47,broken clouds
2026-06-29T20:04:02.654636+00:00,Istanbul,26.29,100,clear sky
2026-06-29T20:04:02.654636+00:00,Ankara,21.8,47,clear sky
2026-06-29T20:04:02.654636+00:00,İzmir,27.4,32,clear sky
2026-06-29T20:04:02.654636+00:00,Berlin,21.63,82,overcast clouds
2026-06-29T20:04:02.654636+00:00,London,20.79,54,overcast clouds
2026-06-29T22:11:55.390928+00:00,Istanbul,24.43,100,clear sky
2026-06-29T22:11:55.390928+00:00,Ankara,21.78,53,clear sky
2026-06-29T22:11:55.390928+00:00,İzmir,23.51,39,clear sky
2026-06-29T22:11:55.390928+00:00,Berlin,19.95,89,overcast clouds
2026-06-29T22:11:55.390928+00:00,London,19.1,63,overcast clouds
2026-06-30T00:08:42.558442+00:00,Istanbul,24.08,100,clear sky
2026-06-30T00:08:42.558442+00:00,Ankara,20.67,55,clear sky
2026-06-30T00:08:42.558442+00:00,İzmir,23.51,48,clear sky
2026-06-30T00:08:42.558442+00:00,Berlin,18.7,94,broken clouds
2026-06-30T00:08:42.558442+00:00,London,18.15,69,overcast clouds
2026-06-30T05:07:56.698952+00:00,Istanbul,26.59,68,clear sky
2026-06-30T05:07:56.698952+00:00,Ankara,20.67,57,clear sky
2026-06-30T05:07:56.698952+00:00,İzmir,23.51,40,clear sky
2026-06-30T05:07:56.698952+00:00,Berlin,19.15,71,broken clouds
2026-06-30T05:07:56.698952+00:00,London,16.98,75,overcast clouds
2026-06-30T09:45:50.393669+00:00,Istanbul,29.96,100,clear sky
2026-06-30T09:45:50.393669+00:00,Ankara,28.45,32,clear sky
2026-06-30T09:45:50.393669+00:00,İzmir,35.73,17,clear sky
2026-06-30T09:45:50.393669+00:00,Berlin,26.6,45,broken clouds
2026-06-30T09:45:50.393669+00:00,London,18.63,69,overcast clouds
2026-06-30T12:13:01.417478+00:00,Istanbul,30.41,82,clear sky
2026-06-30T12:13:01.417478+00:00,Ankara,31.23,23,clear sky
2026-06-30T12:13:01.417478+00:00,İzmir,37.4,15,clear sky
2026-06-30T12:13:01.417478+00:00,Berlin,27.94,38,scattered clouds
2026-06-30T12:13:01.417478+00:00,London,21.8,55,overcast clouds
2026-06-30T15:31:57.834544+00:00,Istanbul,29.3,91,clear sky
2026-06-30T15:31:57.834544+00:00,Ankara,31.23,23,clear sky
2026-06-30T15:31:57.834544+00:00,İzmir,36.29,17,clear sky
2026-06-30T15:31:57.834544+00:00,Berlin,27.87,19,overcast clouds
2026-06-30T15:31:57.834544+00:00,London,24.77,44,scattered clouds
2026-06-30T18:00:15.506141+00:00,Istanbul,26.75,100,clear sky
2026-06-30T18:00:15.506141+00:00,Ankara,26.2,36,clear sky
2026-06-30T18:00:15.506141+00:00,İzmir,30.8,33,few clouds
2026-06-30T18:00:15.506141+00:00,Berlin,24.54,57,moderate rain
2026-06-30T18:00:15.506141+00:00,London,23.24,49,broken clouds
2026-06-30T20:58:10.871019+00:00,Istanbul,24.82,100,clear sky
2026-06-30T20:58:10.871019+00:00,Ankara,22.91,42,clear sky
2026-06-30T20:58:10.871019+00:00,İzmir,25.73,48,clear sky
2026-06-30T20:58:10.871019+00:00,Berlin,21.49,65,scattered clouds
2026-06-30T20:58:10.871019+00:00,London,20.36,63,broken clouds
2026-06-30T22:23:18.376421+00:00,Istanbul,23.71,100,clear sky
2026-06-30T22:23:18.376421+00:00,Ankara,22.89,51,clear sky
2026-06-30T22:23:18.376421+00:00,İzmir,24.62,51,clear sky
2026-06-30T22:23:18.376421+00:00,Berlin,20.96,77,scattered clouds
2026-06-30T22:23:18.376421+00:00,London,18.76,70,broken clouds
2026-07-01T00:10:21.598889+00:00,Istanbul,23.84,100,clear sky
2026-07-01T00:10:21.598889+00:00,Ankara,21.78,48,clear sky
2026-07-01T00:10:21.598889+00:00,İzmir,24.58,59,clear sky
2026-07-01T00:10:21.598889+00:00,Berlin,19.97,86,scattered clouds
2026-07-01T00:10:21.598889+00:00,London,17.89,77,scattered clouds
2026-07-01T05:24:50.206425+00:00,Istanbul,26.66,69,clear sky
2026-07-01T05:24:50.206425+00:00,Ankara,22.89,44,clear sky
2026-07-01T05:24:50.206425+00:00,İzmir,25.73,60,clear sky
2026-07-01T05:24:50.206425+00:00,Berlin,19.52,84,overcast clouds
2026-07-01T05:24:50.206425+00:00,London,16.75,83,clear sky
2026-07-01T09:56:19.788422+00:00,Istanbul,31.63,100,clear sky
2026-07-01T09:56:19.788422+00:00,Ankara,29.0,29,clear sky
2026-07-01T09:56:19.788422+00:00,İzmir,33.51,34,scattered clouds
2026-07-01T09:56:19.788422+00:00,Berlin,21.34,74,overcast clouds
2026-07-01T09:56:19.788422+00:00,London,21.65,61,clear sky
2026-07-01T12:38:21.806143+00:00,Istanbul,31.7,86,clear sky
2026-07-01T12:38:21.806143+00:00,Ankara,31.23,26,clear sky
2026-07-01T12:38:21.806143+00:00,İzmir,35.73,24,clear sky
2026-07-01T12:38:21.806143+00:00,Berlin,25.53,44,overcast clouds
2026-07-01T12:38:21.806143+00:00,London,24.15,50,scattered clouds
2026-07-01T15:45:42.428628+00:00,Istanbul,29.82,69,few clouds
2026-07-01T15:45:42.428628+00:00,Ankara,31.23,26,clear sky
2026-07-01T15:45:42.428628+00:00,İzmir,35.73,28,clear sky
2026-07-01T15:45:42.428628+00:00,Berlin,24.98,49,overcast clouds
2026-07-01T15:45:42.428628+00:00,London,25.84,46,broken clouds
2026-07-01T18:01:08.782528+00:00,Istanbul,26.75,77,few clouds
2026-07-01T18:01:08.782528+00:00,Ankara,26.25,34,clear sky
2026-07-01T18:01:08.782528+00:00,İzmir,29.62,52,clear sky
2026-07-01T18:01:08.782528+00:00,Berlin,20.48,84,moderate rain
2026-07-01T18:01:08.782528+00:00,London,26.06,44,broken clouds
2026-07-01T20:48:39.828484+00:00,Istanbul,25.2,100,scattered clouds
2026-07-01T20:48:39.828484+00:00,Ankara,20.69,46,clear sky
2026-07-01T20:48:39.828484+00:00,İzmir,26.29,66,clear sky
2026-07-01T20:48:39.828484+00:00,Berlin,18.32,85,overcast clouds
2026-07-01T20:48:39.828484+00:00,London,22.35,57,overcast clouds
2026-07-01T22:20:41.698208+00:00,Istanbul,25.2,100,broken clouds
2026-07-01T22:20:41.698208+00:00,Ankara,22.89,45,clear sky
2026-07-01T22:20:41.698208+00:00,İzmir,22.4,74,clear sky
2026-07-01T22:20:41.698208+00:00,Berlin,16.05,93,overcast clouds
2026-07-01T22:20:41.698208+00:00,London,20.06,60,broken clouds
2026-07-02T00:12:43.395078+00:00,Istanbul,24.08,100,broken clouds
2026-07-02T00:12:43.395078+00:00,Ankara,21.23,53,clear sky
2026-07-02T00:12:43.395078+00:00,İzmir,21.29,75,clear sky
2026-07-02T00:12:43.395078+00:00,Berlin,14.62,94,broken clouds
2026-07-02T00:12:43.395078+00:00,London,17.79,65,scattered clouds
2026-07-02T05:00:54.669012+00:00,Istanbul,24.53,89,clear sky
2026-07-02T05:00:54.669012+00:00,Ankara,21.78,53,clear sky
2026-07-02T05:00:54.669012+00:00,İzmir,21.29,62,clear sky
2026-07-02T05:00:54.669012+00:00,Berlin,15.47,93,clear sky
2026-07-02T05:00:54.669012+00:00,London,17.43,80,broken clouds
2026-07-02T09:18:52.167576+00:00,Istanbul,26.86,72,clear sky
2026-07-02T09:18:52.167576+00:00,Ankara,31.23,31,clear sky
2026-07-02T09:18:52.167576+00:00,İzmir,32.4,29,clear sky
2026-07-02T09:18:52.167576+00:00,Berlin,23.15,60,clear sky
2026-07-02T09:18:52.167576+00:00,London,21.6,67,broken clouds
2026-07-02T12:10:46.414791+00:00,Istanbul,30.75,68,clear sky
2026-07-02T12:10:46.414791+00:00,Ankara,33.45,23,clear sky
2026-07-02T12:10:46.414791+00:00,İzmir,34.62,22,clear sky
2026-07-02T12:10:46.414791+00:00,Berlin,27.01,43,clear sky
2026-07-02T12:10:46.414791+00:00,London,25.12,44,scattered clouds
2026-07-02T15:19:29.519120+00:00,Istanbul,30.38,77,scattered clouds
2026-07-02T15:19:29.519120+00:00,Ankara,32.89,22,clear sky
2026-07-02T15:19:29.519120+00:00,İzmir,32.4,28,clear sky
2026-07-02T15:19:29.519120+00:00,Berlin,27.7,40,broken clouds
2026-07-02T15:19:29.519120+00:00,London,26.33,35,clear sky
2026-07-02T17:52:55.471573+00:00,Istanbul,27.15,78,scattered clouds
2026-07-02T17:52:55.471573+00:00,Ankara,26.8,35,few clouds
2026-07-02T17:52:55.471573+00:00,İzmir,29.62,59,clear sky
2026-07-02T17:52:55.471573+00:00,Berlin,20.79,73,light rain
2026-07-02T17:52:55.471573+00:00,London,25.1,36,clear sky
2026-07-02T19:36:23.133901+00:00,Istanbul,25.2,100,few clouds
2026-07-02T19:36:23.133901+00:00,Ankara,26.78,45,broken clouds
2026-07-02T19:36:23.133901+00:00,İzmir,23.72,64,clear sky
2026-07-02T19:36:23.133901+00:00,Berlin,19.84,82,light rain
2026-07-02T19:36:23.133901+00:00,London,21.8,42,clear sky
2026-07-02T21:12:31.434469+00:00,Istanbul,24.82,100,few clouds
2026-07-02T21:12:31.434469+00:00,Ankara,26.23,47,broken clouds
2026-07-02T21:12:31.434469+00:00,İzmir,26.29,73,clear sky
2026-07-02T21:12:31.434469+00:00,Berlin,18.53,80,broken clouds
2026-07-02T21:12:31.434469+00:00,London,19.1,51,clear sky
2026-07-02T23:11:43.630807+00:00,Istanbul,24.08,100,few clouds
2026-07-02T23:11:43.630807+00:00,Ankara,24.56,51,broken clouds
2026-07-02T23:11:43.630807+00:00,İzmir,25.73,76,clear sky
2026-07-02T23:11:43.630807+00:00,Berlin,16.52,74,scattered clouds
2026-07-02T23:11:43.630807+00:00,London,16.44,58,clear sky
2026-07-03T03:38:09.766059+00:00,Istanbul,23.32,100,scattered clouds
2026-07-03T03:38:09.766059+00:00,Ankara,21.78,63,scattered clouds
2026-07-03T03:38:09.766059+00:00,İzmir,22.4,70,clear sky
2026-07-03T03:38:09.766059+00:00,Berlin,14.33,76,few clouds
2026-07-03T03:38:09.766059+00:00,London,11.85,74,scattered clouds
2026-07-03T07:25:14.067431+00:00,Istanbul,26.86,63,clear sky
2026-07-03T07:25:14.067431+00:00,Ankara,26.23,41,few clouds
2026-07-03T07:25:14.067431+00:00,İzmir,29.62,38,clear sky
2026-07-03T07:25:14.067431+00:00,Berlin,17.09,69,clear sky
2026-07-03T07:25:14.067431+00:00,London,17.34,64,overcast clouds
2026-07-03T10:40:35.266301+00:00,Istanbul,27.42,69,scattered clouds
2026-07-03T10:40:35.266301+00:00,Ankara,29.56,28,scattered clouds
2026-07-03T10:40:35.266301+00:00,İzmir,33.51,23,clear sky
2026-07-03T10:40:35.266301+00:00,Berlin,20.61,54,broken clouds
2026-07-03T10:40:35.266301+00:00,London,21.85,50,broken clouds
2026-07-03T12:58:26.828028+00:00,Istanbul,28.45,67,clear sky
2026-07-03T12:58:26.828028+00:00,Ankara,30.67,25,clear sky
2026-07-03T12:58:26.828028+00:00,İzmir,35.73,22,clear sky
2026-07-03T12:58:26.828028+00:00,Berlin,22.07,47,scattered clouds
2026-07-03T12:58:26.828028+00:00,London,24.94,43,overcast clouds
2026-07-03T15:18:33.815982+00:00,Istanbul,28.63,68,clear sky
2026-07-03T15:18:33.815982+00:00,Ankara,30.67,25,clear sky
2026-07-03T15:18:33.815982+00:00,İzmir,34.62,29,clear sky
2026-07-03T15:18:33.815982+00:00,Berlin,22.5,46,scattered clouds
2026-07-03T15:18:33.815982+00:00,London,26.18,38,overcast clouds
2026-07-03T17:36:38.486672+00:00,Istanbul,27.42,67,few clouds
2026-07-03T17:36:38.486672+00:00,Ankara,27.89,33,clear sky
2026-07-03T17:36:38.486672+00:00,İzmir,32.4,46,clear sky
2026-07-03T17:36:38.486672+00:00,Berlin,20.56,53,broken clouds
2026-07-03T17:36:38.486672+00:00,London,27.03,34,broken clouds
2026-07-03T19:35:07.609085+00:00,Istanbul,27.42,65,clear sky
2026-07-03T19:35:07.609085+00:00,Ankara,24.56,45,clear sky
2026-07-03T19:35:07.609085+00:00,İzmir,29.62,54,clear sky
2026-07-03T19:35:07.609085+00:00,Berlin,17.93,57,scattered clouds
2026-07-03T19:35:07.609085+00:00,London,24.66,43,few clouds
2026-07-03T21:11:55.193576+00:00,Istanbul,27.28,62,clear sky
2026-07-03T21:11:55.193576+00:00,Ankara,22.89,48,clear sky
2026-07-03T21:11:55.193576+00:00,İzmir,28.51,62,clear sky
2026-07-03T21:11:55.193576+00:00,Berlin,16.78,65,few clouds
2026-07-03T21:11:55.193576+00:00,London,22.19,55,clear sky
2026-07-03T23:08:21.478719+00:00,Istanbul,27.36,70,clear sky
2026-07-03T23:08:21.478719+00:00,Ankara,20.67,54,clear sky
2026-07-03T23:08:21.478719+00:00,İzmir,23.97,70,clear sky
2026-07-03T23:08:21.478719+00:00,Berlin,15.03,65,few clouds
2026-07-03T23:08:21.478719+00:00,London,20.15,60,clear sky
2026-07-04T03:31:09.692019+00:00,Istanbul,24.53,100,few clouds
2026-07-04T03:31:09.692019+00:00,Ankara,19.56,59,clear sky
2026-07-04T03:31:09.692019+00:00,İzmir,25.73,73,clear sky
2026-07-04T03:31:09.692019+00:00,Berlin,12.76,79,scattered clouds
2026-07-04T03:31:09.692019+00:00,London,15.95,80,clear sky
2026-07-04T06:50:04.094366+00:00,Istanbul,26.86,67,broken clouds
2026-07-04T06:50:04.094366+00:00,Ankara,23.45,47,clear sky
2026-07-04T06:50:04.094366+00:00,İzmir,30.73,35,clear sky
2026-07-04T06:50:04.094366+00:00,Berlin,15.57,76,overcast clouds
2026-07-04T06:50:04.094366+00:00,London,17.03,81,clear sky
2026-07-04T09:25:24.103709+00:00,Istanbul,26.77,75,broken clouds
2026-07-04T09:25:24.103709+00:00,Ankara,26.23,36,clear sky
2026-07-04T09:25:24.103709+00:00,İzmir,32.4,29,clear sky
2026-07-04T09:25:24.103709+00:00,Berlin,18.22,64,overcast clouds
2026-07-04T09:25:24.103709+00:00,London,21.83,67,clear sky
2026-07-04T11:36:04.521936+00:00,Istanbul,26.92,82,broken clouds
2026-07-04T11:36:04.521936+00:00,Ankara,28.45,32,clear sky
2026-07-04T11:36:04.521936+00:00,İzmir,34.62,29,few clouds
2026-07-04T11:36:04.521936+00:00,Berlin,19.4,60,overcast clouds
2026-07-04T11:36:04.521936+00:00,London,23.53,63,clear sky
2026-07-04T13:41:40.029828+00:00,Istanbul,26.82,82,broken clouds
2026-07-04T13:41:40.029828+00:00,Ankara,28.45,32,broken clouds
2026-07-04T13:41:40.029828+00:00,İzmir,33.51,36,scattered clouds
2026-07-04T13:41:40.029828+00:00,Berlin,19.11,65,light rain
2026-07-04T13:41:40.029828+00:00,London,26.77,52,clear sky
2026-07-04T15:08:55.353076+00:00,Istanbul,26.5,80,broken clouds
2026-07-04T15:08:55.353076+00:00,Ankara,27.89,33,broken clouds
2026-07-04T15:08:55.353076+00:00,İzmir,33.51,48,scattered clouds
2026-07-04T15:08:55.353076+00:00,Berlin,17.32,80,light rain
2026-07-04T15:08:55.353076+00:00,London,28.01,47,clear sky
2026-07-04T17:10:37.219718+00:00,Istanbul,24.08,100,broken clouds
2026-07-04T17:10:37.219718+00:00,Ankara,24.56,44,broken clouds
2026-07-04T17:10:37.219718+00:00,İzmir,31.29,60,scattered clouds
2026-07-04T17:10:37.219718+00:00,Berlin,15.35,87,moderate rain
2026-07-04T17:10:37.219718+00:00,London,28.05,47,few clouds
2026-07-04T19:19:59.100344+00:00,Istanbul,23.36,100,clear sky
2026-07-04T19:19:59.100344+00:00,Ankara,22.34,53,scattered clouds
2026-07-04T19:19:59.100344+00:00,İzmir,28.51,67,clear sky
2026-07-04T19:19:59.100344+00:00,Berlin,14.44,94,moderate rain
2026-07-04T19:19:59.100344+00:00,London,25.5,56,few clouds
2026-07-04T21:01:57.257022+00:00,Istanbul,22.21,100,clear sky
2026-07-04T21:01:57.257022+00:00,Ankara,21.23,54,scattered clouds
2026-07-04T21:01:57.257022+00:00,İzmir,27.4,68,clear sky
2026-07-04T21:01:57.257022+00:00,Berlin,14.34,94,overcast clouds
2026-07-04T21:01:57.257022+00:00,London,23.19,64,broken clouds
2026-07-04T23:00:52.642384+00:00,Istanbul,21.83,100,clear sky
2026-07-04T23:00:52.642384+00:00,Ankara,19.56,63,scattered clouds
2026-07-04T23:00:52.642384+00:00,İzmir,21.41,74,clear sky
2026-07-04T23:00:52.642384+00:00,Berlin,15.25,96,overcast clouds
2026-07-04T23:00:52.642384+00:00,London,20.5,72,broken clouds
2026-07-05T03:49:06.033589+00:00,Istanbul,21.62,100,clear sky
2026-07-05T03:49:06.033589+00:00,Ankara,19.0,67,clear sky
2026-07-05T03:49:06.033589+00:00,İzmir,23.0,75,clear sky
2026-07-05T03:49:06.033589+00:00,Berlin,15.67,95,overcast clouds
2026-07-05T03:49:06.033589+00:00,London,16.75,84,scattered clouds
2026-07-05T07:30:48.108395+00:00,Istanbul,27.28,77,clear sky
2026-07-05T07:30:48.108395+00:00,Ankara,21.78,59,broken clouds
2026-07-05T07:30:48.108395+00:00,İzmir,29.62,52,clear sky
2026-07-05T07:30:48.108395+00:00,Berlin,17.78,92,overcast clouds
2026-07-05T07:30:48.108395+00:00,London,19.02,77,overcast clouds
2026-07-05T10:19:25.098659+00:00,Istanbul,27.01,74,clear sky
2026-07-05T10:19:25.098659+00:00,Ankara,23.45,54,broken clouds
2026-07-05T10:19:25.098659+00:00,İzmir,31.29,59,clear sky
2026-07-05T10:19:25.098659+00:00,Berlin,20.12,71,broken clouds
2026-07-05T10:19:25.098659+00:00,London,22.23,64,overcast clouds
2026-07-05T12:19:19.666439+00:00,Istanbul,27.78,89,clear sky
2026-07-05T12:19:19.666439+00:00,Ankara,24.0,52,broken clouds
2026-07-05T12:19:19.666439+00:00,İzmir,34.62,20,clear sky
2026-07-05T12:19:19.666439+00:00,Berlin,22.38,57,broken clouds
2026-07-05T12:19:19.666439+00:00,London,24.82,58,overcast clouds
2026-07-05T14:46:21.227411+00:00,Istanbul,26.24,72,clear sky
2026-07-05T14:46:21.227411+00:00,Ankara,24.56,47,overcast clouds
2026-07-05T14:46:21.227411+00:00,İzmir,33.51,19,clear sky
2026-07-05T14:46:21.227411+00:00,Berlin,22.98,50,overcast clouds
2026-07-05T14:46:21.227411+00:00,London,28.12,47,broken clouds
2026-07-05T16:12:17.020052+00:00,Istanbul,26.19,76,clear sky
2026-07-05T16:12:17.020052+00:00,Ankara,23.45,47,overcast clouds
2026-07-05T16:12:17.020052+00:00,İzmir,32.4,22,clear sky
2026-07-05T16:12:17.020052+00:00,Berlin,22.78,52,overcast clouds
2026-07-05T16:12:17.020052+00:00,London,28.57,45,broken clouds
2026-07-05T18:06:52.927337+00:00,Istanbul,23.84,100,clear sky
2026-07-05T18:06:52.927337+00:00,Ankara,22.34,48,overcast clouds
2026-07-05T18:06:52.927337+00:00,İzmir,29.62,49,clear sky
2026-07-05T18:06:52.927337+00:00,Berlin,21.44,57,overcast clouds
2026-07-05T18:06:52.927337+00:00,London,28.34,45,overcast clouds
2026-07-05T20:17:05.046418+00:00,Istanbul,22.73,100,clear sky
2026-07-05T20:17:05.046418+00:00,Ankara,19.56,62,broken clouds
2026-07-05T20:17:05.046418+00:00,İzmir,21.65,59,clear sky
2026-07-05T20:17:05.046418+00:00,Berlin,18.66,63,broken clouds
2026-07-05T20:17:05.046418+00:00,London,25.9,53,overcast clouds
2026-07-05T22:04:47.817270+00:00,Istanbul,21.62,100,clear sky
2026-07-05T22:04:47.817270+00:00,Ankara,19.0,64,scattered clouds
2026-07-05T22:04:47.817270+00:00,İzmir,21.65,41,clear sky
2026-07-05T22:04:47.817270+00:00,Berlin,16.96,68,broken clouds
2026-07-05T22:04:47.817270+00:00,London,23.76,63,overcast clouds
2026-07-06T00:10:44.985894+00:00,Istanbul,21.06,100,clear sky
2026-07-06T00:10:44.985894+00:00,Ankara,17.89,71,scattered clouds
2026-07-06T00:10:44.985894+00:00,İzmir,20.5,44,clear sky
2026-07-06T00:10:44.985894+00:00,Berlin,15.74,74,overcast clouds
2026-07-06T00:10:44.985894+00:00,London,21.77,68,overcast clouds
2026-07-06T05:15:03.369452+00:00,Istanbul,22.31,57,clear sky
2026-07-06T05:15:03.369452+00:00,Ankara,18.45,67,overcast clouds
2026-07-06T05:15:03.369452+00:00,İzmir,26.29,55,clear sky
2026-07-06T05:15:03.369452+00:00,Berlin,14.45,78,overcast clouds
2026-07-06T05:15:03.369452+00:00,London,17.89,78,broken clouds
2026-07-06T10:44:57.518543+00:00,Istanbul,25.75,47,clear sky
2026-07-06T10:44:57.518543+00:00,Ankara,25.67,44,scattered clouds
2026-07-06T10:44:57.518543+00:00,İzmir,31.29,14,clear sky
2026-07-06T10:44:57.518543+00:00,Berlin,16.78,88,light rain
2026-07-06T10:44:57.518543+00:00,London,28.87,40,scattered clouds
2026-07-06T14:28:59.606530+00:00,Istanbul,26.4,44,clear sky
2026-07-06T14:28:59.606530+00:00,Ankara,24.56,46,scattered clouds
2026-07-06T14:28:59.606530+00:00,İzmir,33.51,12,clear sky
2026-07-06T14:28:59.606530+00:00,Berlin,18.37,93,overcast clouds
2026-07-06T14:28:59.606530+00:00,London,32.21,26,scattered clouds
2026-07-06T17:46:14.208526+00:00,Istanbul,25.69,49,clear sky
2026-07-06T17:46:14.208526+00:00,Ankara,23.45,46,broken clouds
2026-07-06T17:46:14.208526+00:00,İzmir,29.62,44,clear sky
2026-07-06T17:46:14.208526+00:00,Berlin,18.56,91,overcast clouds
2026-07-06T17:46:14.208526+00:00,London,29.87,26,scattered clouds
2026-07-06T20:03:03.807244+00:00,Istanbul,22.73,100,clear sky
2026-07-06T20:03:03.807244+00:00,Ankara,21.23,52,clear sky
2026-07-06T20:03:03.807244+00:00,İzmir,26.29,35,clear sky
2026-07-06T20:03:03.807244+00:00,Berlin,18.46,91,overcast clouds
2026-07-06T20:03:03.807244+00:00,London,27.48,29,overcast clouds
2026-07-06T22:16:22.108698+00:00,Istanbul,22.17,100,clear sky
2026-07-06T22:16:22.108698+00:00,Ankara,20.11,61,clear sky
2026-07-06T22:16:22.108698+00:00,İzmir,21.84,33,clear sky
2026-07-06T22:16:22.108698+00:00,Berlin,18.45,91,overcast clouds
2026-07-06T22:16:22.108698+00:00,London,25.26,35,overcast clouds
2026-07-07T00:12:12.200774+00:00,Istanbul,21.06,100,clear sky
2026-07-07T00:12:12.200774+00:00,Ankara,18.45,68,clear sky
2026-07-07T00:12:12.200774+00:00,İzmir,20.2,36,clear sky
2026-07-07T00:12:12.200774+00:00,Berlin,18.21,87,light rain
2026-07-07T00:12:12.200774+00:00,London,23.6,39,overcast clouds
2026-07-07T04:55:32.805487+00:00,Istanbul,21.2,58,clear sky
2026-07-07T04:55:32.805487+00:00,Ankara,18.45,66,scattered clouds
2026-07-07T04:55:32.805487+00:00,İzmir,22.64,42,clear sky
2026-07-07T04:55:32.805487+00:00,Berlin,17.69,91,moderate rain
2026-07-07T04:55:32.805487+00:00,London,19.03,53,overcast clouds
2026-07-07T08:27:05.065532+00:00,Istanbul,26.72,76,clear sky
2026-07-07T08:27:05.065532+00:00,Ankara,25.11,42,clear sky
2026-07-07T08:27:05.065532+00:00,İzmir,30.73,17,clear sky
2026-07-07T08:27:05.065532+00:00,Berlin,19.21,82,moderate rain
2026-07-07T08:27:05.065532+00:00,London,23.42,53,overcast clouds
2026-07-07T11:54:37.540715+00:00,Istanbul,27.62,72,clear sky
2026-07-07T11:54:37.540715+00:00,Ankara,27.34,32,few clouds
2026-07-07T11:54:37.540715+00:00,İzmir,33.51,9,clear sky
2026-07-07T11:54:37.540715+00:00,Berlin,21.43,68,overcast clouds
2026-07-07T11:54:37.540715+00:00,London,28.91,39,overcast clouds
2026-07-07T14:45:08.983758+00:00,Istanbul,26.44,55,clear sky
2026-07-07T14:45:08.983758+00:00,Ankara,27.34,35,scattered clouds
2026-07-07T14:45:08.983758+00:00,İzmir,34.62,16,clear sky
2026-07-07T14:45:08.983758+00:00,Berlin,21.78,65,overcast clouds
2026-07-07T14:45:08.983758+00:00,London,31.35,33,overcast clouds
2026-07-07T17:20:20.956123+00:00,Istanbul,26.25,58,clear sky
2026-07-07T17:20:20.956123+00:00,Ankara,25.11,42,scattered clouds
2026-07-07T17:20:20.956123+00:00,İzmir,31.29,22,clear sky
2026-07-07T17:20:20.956123+00:00,Berlin,18.82,87,overcast clouds
2026-07-07T17:20:20.956123+00:00,London,31.47,33,overcast clouds
2026-07-07T20:01:22.024882+00:00,Istanbul,22.6,100,clear sky
2026-07-07T20:01:22.024882+00:00,Ankara,22.34,47,clear sky
2026-07-07T20:01:22.024882+00:00,İzmir,23.99,47,clear sky
2026-07-07T20:01:22.024882+00:00,Berlin,18.5,79,overcast clouds
2026-07-07T20:01:22.024882+00:00,London,28.33,43,broken clouds
2026-07-07T22:12:59.078172+00:00,Istanbul,21.86,100,clear sky
2026-07-07T22:12:59.078172+00:00,Ankara,20.67,47,clear sky
2026-07-07T22:12:59.078172+00:00,İzmir,22.25,53,clear sky
2026-07-07T22:12:59.078172+00:00,Berlin,15.29,88,overcast clouds
2026-07-07T22:12:59.078172+00:00,London,24.65,55,broken clouds
2026-07-08T00:00:31.162861+00:00,Istanbul,20.75,100,clear sky
2026-07-08T00:00:31.162861+00:00,Ankara,19.0,58,clear sky
2026-07-08T00:00:31.162861+00:00,İzmir,21.12,38,clear sky
2026-07-08T00:00:31.162861+00:00,Berlin,14.11,85,overcast clouds
2026-07-08T00:00:31.162861+00:00,London,23.49,57,broken clouds
2026-07-08T04:16:43.985160+00:00,Istanbul,22.62,100,clear sky
2026-07-08T04:16:43.985160+00:00,Ankara,17.89,65,clear sky
2026-07-08T04:16:43.985160+00:00,İzmir,22.05,52,clear sky
2026-07-08T04:16:43.985160+00:00,Berlin,11.56,81,clear sky
2026-07-08T04:16:43.985160+00:00,London,19.1,73,few clouds
2026-07-08T07:31:22.260948+00:00,Istanbul,26.31,56,clear sky
2026-07-08T07:31:22.260948+00:00,Ankara,23.45,48,clear sky
2026-07-08T07:31:22.260948+00:00,İzmir,29.62,21,clear sky
2026-07-08T07:31:22.260948+00:00,Berlin,16.11,68,clear sky
2026-07-08T07:31:22.260948+00:00,London,23.48,58,clear sky
2026-07-08T10:22:33.494794+00:00,Istanbul,26.31,56,clear sky
2026-07-08T10:22:33.494794+00:00,Ankara,26.78,37,clear sky
2026-07-08T10:22:33.494794+00:00,İzmir,33.35,17,clear sky
2026-07-08T10:22:33.494794+00:00,Berlin,19.89,55,clear sky
2026-07-08T10:22:33.494794+00:00,London,28.12,48,clear sky
2026-07-08T12:22:58.437948+00:00,Istanbul,26.55,53,clear sky
2026-07-08T12:22:58.437948+00:00,Ankara,28.45,30,clear sky
2026-07-08T12:22:58.437948+00:00,İzmir,34.62,16,clear sky
2026-07-08T12:22:58.437948+00:00,Berlin,21.15,51,clear sky
2026-07-08T12:22:58.437948+00:00,London,31.0,41,clear sky
2026-07-08T17:40:59.718437+00:00,Istanbul,26.58,53,clear sky
2026-07-08T17:40:59.718437+00:00,Ankara,23.47,35,clear sky
2026-07-08T17:40:59.718437+00:00,İzmir,29.62,43,clear sky
2026-07-08T17:40:59.718437+00:00,Berlin,22.8,49,broken clouds
2026-07-08T17:40:59.718437+00:00,London,32.89,36,clear sky
2026-07-08T19:38:17.470993+00:00,Istanbul,25.8,51,clear sky
2026-07-08T19:38:17.470993+00:00,Ankara,20.13,44,clear sky
2026-07-08T19:38:17.470993+00:00,İzmir,24.18,54,clear sky
2026-07-08T19:38:17.470993+00:00,Berlin,20.39,58,broken clouds
2026-07-08T19:38:17.470993+00:00,London,30.43,43,scattered clouds
2026-07-08T21:11:54.039169+00:00,Istanbul,25.73,55,clear sky
2026-07-08T21:11:54.039169+00:00,Ankara,22.34,46,clear sky
2026-07-08T21:11:54.039169+00:00,İzmir,26.29,68,clear sky
2026-07-08T21:11:54.039169+00:00,Berlin,17.27,64,broken clouds
2026-07-08T21:11:54.039169+00:00,London,26.71,51,scattered clouds
2026-07-08T23:11:34.012079+00:00,Istanbul,26.22,62,scattered clouds
2026-07-08T23:11:34.012079+00:00,Ankara,20.67,54,clear sky
2026-07-08T23:11:34.012079+00:00,İzmir,25.73,69,clear sky
2026-07-08T23:11:34.012079+00:00,Berlin,15.93,67,scattered clouds
2026-07-08T23:11:34.012079+00:00,London,24.34,59,scattered clouds
2026-07-09T03:39:16.084589+00:00,Istanbul,25.66,68,broken clouds
2026-07-09T03:39:16.084589+00:00,Ankara,18.45,66,clear sky
2026-07-09T03:39:16.084589+00:00,İzmir,20.73,60,clear sky
2026-07-09T03:39:16.084589+00:00,Berlin,12.79,82,few clouds
2026-07-09T03:39:16.084589+00:00,London,21.21,68,clear sky
2026-07-09T07:44:59.190160+00:00,Istanbul,25.48,58,overcast clouds
2026-07-09T07:44:59.190160+00:00,Ankara,25.67,44,clear sky
2026-07-09T07:44:59.190160+00:00,İzmir,30.73,29,clear sky
2026-07-09T07:44:59.190160+00:00,Berlin,15.43,82,clear sky
2026-07-09T07:44:59.190160+00:00,London,25.3,55,few clouds
2026-07-09T10:58:03.434120+00:00,Istanbul,25.75,59,broken clouds
2026-07-09T10:58:03.434120+00:00,Ankara,29.0,27,clear sky
2026-07-09T10:58:03.434120+00:00,İzmir,32.4,21,clear sky
2026-07-09T10:58:03.434120+00:00,Berlin,21.44,58,clear sky
2026-07-09T10:58:03.434120+00:00,London,32.04,37,scattered clouds
2026-07-09T13:52:22.478639+00:00,Istanbul,20.96,100,overcast clouds
2026-07-09T13:52:22.478639+00:00,Ankara,30.11,25,clear sky
2026-07-09T13:52:22.478639+00:00,İzmir,31.79,29,scattered clouds
2026-07-09T13:52:22.478639+00:00,Berlin,24.92,48,clear sky
2026-07-09T13:52:22.478639+00:00,London,34.33,31,overcast clouds
2026-07-09T16:29:37.341191+00:00,Istanbul,22.73,100,overcast clouds
2026-07-09T16:29:37.341191+00:00,Ankara,29.56,26,clear sky
2026-07-09T16:29:37.341191+00:00,İzmir,29.62,34,scattered clouds
2026-07-09T16:29:37.341191+00:00,Berlin,23.54,55,clear sky
2026-07-09T16:29:37.341191+00:00,London,34.34,31,overcast clouds
2026-07-09T18:51:50.992796+00:00,Istanbul,21.06,100,clear sky
2026-07-09T18:51:50.992796+00:00,Ankara,25.67,38,broken clouds
2026-07-09T18:51:50.992796+00:00,İzmir,26.29,54,clear sky
2026-07-09T18:51:50.992796+00:00,Berlin,21.02,62,few clouds
2026-07-09T18:51:50.992796+00:00,London,30.93,45,overcast clouds
2026-07-09T20:49:37.075370+00:00,Istanbul,19.82,100,clear sky
2026-07-09T20:49:37.075370+00:00,Ankara,22.34,49,scattered clouds
2026-07-09T20:49:37.075370+00:00,İzmir,25.73,60,clear sky
2026-07-09T20:49:37.075370+00:00,Berlin,18.28,72,clear sky
2026-07-09T20:49:37.075370+00:00,London,27.96,52,overcast clouds
2026-07-09T22:25:54.454723+00:00,Istanbul,19.82,100,clear sky
2026-07-09T22:25:54.454723+00:00,Ankara,21.23,60,scattered clouds
2026-07-09T22:25:54.454723+00:00,İzmir,23.51,67,clear sky
2026-07-09T22:25:54.454723+00:00,Berlin,16.87,85,clear sky
2026-07-09T22:25:54.454723+00:00,London,26.33,57,overcast clouds
2026-07-10T00:08:57.320620+00:00,Istanbul,19.08,100,clear sky
2026-07-10T00:08:57.320620+00:00,Ankara,20.67,58,scattered clouds
2026-07-10T00:08:57.320620+00:00,İzmir,20.52,60,clear sky
2026-07-10T00:08:57.320620+00:00,Berlin,16.41,80,clear sky
2026-07-10T00:08:57.320620+00:00,London,24.26,63,overcast clouds
2026-07-10T04:55:26.834333+00:00,Istanbul,20.09,100,clear sky
2026-07-10T04:55:26.834333+00:00,Ankara,19.0,70,clear sky
2026-07-10T04:55:26.834333+00:00,İzmir,23.51,50,clear sky
2026-07-10T04:55:26.834333+00:00,Berlin,15.25,86,clear sky
2026-07-10T04:55:26.834333+00:00,London,21.36,77,overcast clouds
2026-07-10T08:26:57.023721+00:00,Istanbul,25.2,64,clear sky
2026-07-10T08:26:57.023721+00:00,Ankara,24.56,52,clear sky
2026-07-10T08:26:57.023721+00:00,İzmir,29.62,32,clear sky
2026-07-10T08:26:57.023721+00:00,Berlin,21.03,73,clear sky
2026-07-10T08:26:57.023721+00:00,London,25.94,61,broken clouds
2026-07-10T11:56:04.255063+00:00,Istanbul,27.1,74,clear sky
2026-07-10T11:56:04.255063+00:00,Ankara,28.45,33,clear sky
2026-07-10T11:56:04.255063+00:00,İzmir,33.51,18,clear sky
2026-07-10T11:56:04.255063+00:00,Berlin,26.24,51,few clouds
2026-07-10T11:56:04.255063+00:00,London,29.23,48,overcast clouds
2026-07-10T14:41:21.960537+00:00,Istanbul,25.18,46,clear sky
2026-07-10T14:41:21.960537+00:00,Ankara,28.45,29,clear sky
2026-07-10T14:41:21.960537+00:00,İzmir,32.4,20,clear sky
2026-07-10T14:41:21.960537+00:00,Berlin,26.87,46,overcast clouds
2026-07-10T14:41:21.960537+00:00,London,30.21,41,overcast clouds
2026-07-10T16:59:25.483883+00:00,Istanbul,25.46,54,clear sky
2026-07-10T16:59:25.483883+00:00,Ankara,25.69,35,few clouds
2026-07-10T16:59:25.483883+00:00,İzmir,30.73,30,clear sky
2026-07-10T16:59:25.483883+00:00,Berlin,25.68,46,overcast clouds
2026-07-10T16:59:25.483883+00:00,London,29.02,40,overcast clouds
2026-07-10T18:39:49.392861+00:00,Istanbul,25.14,61,clear sky
2026-07-10T18:39:49.392861+00:00,Ankara,23.45,51,clear sky
2026-07-10T18:39:49.392861+00:00,İzmir,27.4,40,clear sky
2026-07-10T18:39:49.392861+00:00,Berlin,24.02,45,overcast clouds
2026-07-10T18:39:49.392861+00:00,London,27.46,41,overcast clouds
2026-07-10T20:26:10.722652+00:00,Istanbul,22.25,100,clear sky
2026-07-10T20:26:10.722652+00:00,Ankara,21.78,55,clear sky
2026-07-10T20:26:10.722652+00:00,İzmir,26.29,37,clear sky
2026-07-10T20:26:10.722652+00:00,Berlin,21.37,51,overcast clouds
2026-07-10T20:26:10.722652+00:00,London,24.29,52,overcast clouds
2026-07-10T22:08:11.189625+00:00,Istanbul,21.86,100,clear sky
2026-07-10T22:08:11.189625+00:00,Ankara,20.11,60,clear sky
2026-07-10T22:08:11.189625+00:00,İzmir,24.62,43,clear sky
2026-07-10T22:08:11.189625+00:00,Berlin,17.97,68,broken clouds
2026-07-10T22:08:11.189625+00:00,London,22.21,64,broken clouds
2026-07-11T00:01:55.825792+00:00,Istanbul,21.06,100,clear sky
2026-07-11T00:01:55.825792+00:00,Ankara,19.0,66,clear sky
2026-07-11T00:01:55.825792+00:00,İzmir,21.85,44,clear sky
2026-07-11T00:01:55.825792+00:00,Berlin,15.81,77,broken clouds
2026-07-11T00:01:55.825792+00:00,London,20.36,71,overcast clouds
2026-07-11T04:15:14.590688+00:00,Istanbul,20.09,100,clear sky
2026-07-11T04:15:14.590688+00:00,Ankara,17.89,69,clear sky
2026-07-11T04:15:14.590688+00:00,İzmir,23.51,41,clear sky
2026-07-11T04:15:14.590688+00:00,Berlin,14.33,83,scattered clouds
2026-07-11T04:15:14.590688+00:00,London,17.57,83,broken clouds
2026-07-11T07:13:14.092045+00:00,Istanbul,25.75,58,clear sky
2026-07-11T07:13:14.092045+00:00,Ankara,22.34,55,clear sky
2026-07-11T07:13:14.092045+00:00,İzmir,29.62,21,clear sky
2026-07-11T07:13:14.092045+00:00,Berlin,20.56,58,few clouds
2026-07-11T07:13:14.092045+00:00,London,20.79,76,clear sky
2026-07-11T09:41:28.169674+00:00,Istanbul,25.75,54,clear sky
2026-07-11T09:41:28.169674+00:00,Ankara,26.23,37,clear sky
2026-07-11T09:41:28.169674+00:00,İzmir,32.4,13,clear sky
2026-07-11T09:41:28.169674+00:00,Berlin,24.88,51,few clouds
2026-07-11T09:41:28.169674+00:00,London,26.1,59,clear sky
2026-07-11T11:08:55.234318+00:00,Istanbul,30.61,24,clear sky
2026-07-11T11:08:55.234318+00:00,Ankara,27.89,32,clear sky
2026-07-11T11:08:55.234318+00:00,İzmir,33.51,13,clear sky
2026-07-11T11:08:55.234318+00:00,Berlin,26.12,48,scattered clouds
2026-07-11T11:08:55.234318+00:00,London,27.57,51,clear sky
2026-07-11T13:27:25.638426+00:00,Istanbul,30.81,75,clear sky
2026-07-11T13:27:25.638426+00:00,Ankara,29.0,26,clear sky
2026-07-11T13:27:25.638426+00:00,İzmir,35.73,10,clear sky
2026-07-11T13:27:25.638426+00:00,Berlin,26.71,40,overcast clouds
2026-07-11T13:27:25.638426+00:00,London,28.62,45,clear sky
2026-07-11T14:57:51.443051+00:00,Istanbul,30.48,84,clear sky
2026-07-11T14:57:51.443051+00:00,Ankara,29.56,22,clear sky
2026-07-11T14:57:51.443051+00:00,İzmir,33.51,14,clear sky
2026-07-11T14:57:51.443051+00:00,Berlin,27.46,39,overcast clouds
2026-07-11T14:57:51.443051+00:00,London,29.23,43,clear sky
2026-07-11T16:01:59.203173+00:00,Istanbul,28.67,33,clear sky
2026-07-11T16:01:59.203173+00:00,Ankara,29.0,21,clear sky
2026-07-11T16:01:59.203173+00:00,İzmir,32.4,19,clear sky
2026-07-11T16:01:59.203173+00:00,Berlin,26.52,40,overcast clouds
2026-07-11T16:01:59.203173+00:00,London,28.98,43,clear sky
2026-07-11T17:56:42.310836+00:00,Istanbul,25.46,39,clear sky
2026-07-11T17:56:42.310836+00:00,Ankara,21.8,24,clear sky
2026-07-11T17:56:42.310836+00:00,İzmir,30.73,41,clear sky
2026-07-11T17:56:42.310836+00:00,Berlin,25.6,43,broken clouds
2026-07-11T17:56:42.310836+00:00,London,27.59,52,clear sky
2026-07-11T19:16:33.646936+00:00,Istanbul,25.14,43,clear sky
2026-07-11T19:16:33.646936+00:00,Ankara,19.02,32,clear sky
2026-07-11T19:16:33.646936+00:00,İzmir,26.99,59,clear sky
2026-07-11T19:16:33.646936+00:00,Berlin,23.66,47,clear sky
2026-07-11T19:16:33.646936+00:00,London,25.38,61,clear sky
2026-07-11T20:54:38.454702+00:00,Istanbul,23.36,93,clear sky
2026-07-11T20:54:38.454702+00:00,Ankara,17.91,37,clear sky
2026-07-11T20:54:38.454702+00:00,İzmir,24.8,43,clear sky
2026-07-11T20:54:38.454702+00:00,Berlin,20.08,63,clear sky
2026-07-11T20:54:38.454702+00:00,London,21.93,68,clear sky
2026-07-11T21:54:05.073601+00:00,Istanbul,22.62,100,clear sky
2026-07-11T21:54:05.073601+00:00,Ankara,16.25,47,clear sky
2026-07-11T21:54:05.073601+00:00,İzmir,24.06,38,clear sky
2026-07-11T21:54:05.073601+00:00,Berlin,18.69,70,clear sky
2026-07-11T21:54:05.073601+00:00,London,20.41,73,clear sky
2026-07-11T22:54:18.397707+00:00,Istanbul,21.86,100,clear sky
2026-07-11T22:54:18.397707+00:00,Ankara,16.25,51,clear sky
2026-07-11T22:54:18.397707+00:00,İzmir,23.51,38,clear sky
2026-07-11T22:54:18.397707+00:00,Berlin,16.14,82,clear sky
2026-07-11T22:54:18.397707+00:00,London,18.73,77,clear sky
2026-07-11T23:59:39.479651+00:00,Istanbul,21.49,100,clear sky
2026-07-11T23:59:39.479651+00:00,Ankara,19.0,53,clear sky
2026-07-11T23:59:39.479651+00:00,İzmir,22.4,38,clear sky
2026-07-11T23:59:39.479651+00:00,Berlin,16.9,81,clear sky
2026-07-11T23:59:39.479651+00:00,London,17.67,79,clear sky
2026-07-12T03:47:51.776534+00:00,Istanbul,21.14,100,clear sky
2026-07-12T03:47:51.776534+00:00,Ankara,18.45,65,clear sky
2026-07-12T03:47:51.776534+00:00,İzmir,20.73,42,clear sky
2026-07-12T03:47:51.776534+00:00,Berlin,17.3,74,broken clouds
2026-07-12T03:47:51.776534+00:00,London,17.0,80,scattered clouds
2026-07-12T06:37:11.864970+00:00,Istanbul,26.71,77,clear sky
2026-07-12T06:37:11.864970+00:00,Ankara,22.89,57,clear sky
2026-07-12T06:37:11.864970+00:00,İzmir,29.62,22,clear sky
2026-07-12T06:37:11.864970+00:00,Berlin,20.5,72,few clouds
2026-07-12T06:37:11.864970+00:00,London,17.92,80,scattered clouds
2026-07-12T09:05:31.910112+00:00,Istanbul,28.29,100,clear sky
2026-07-12T09:05:31.910112+00:00,Ankara,27.34,30,clear sky
2026-07-12T09:05:31.910112+00:00,İzmir,32.4,19,clear sky
2026-07-12T09:05:31.910112+00:00,Berlin,27.14,50,clear sky
2026-07-12T09:05:31.910112+00:00,London,22.52,69,clear sky
2026-07-12T11:13:50.605500+00:00,Istanbul,29.14,78,clear sky
2026-07-12T11:13:50.605500+00:00,Ankara,29.56,25,clear sky
2026-07-12T11:13:50.605500+00:00,İzmir,34.62,11,clear sky
2026-07-12T11:13:50.605500+00:00,Berlin,28.82,44,few clouds
2026-07-12T11:13:50.605500+00:00,London,27.87,51,clear sky
2026-07-12T13:37:01.608914+00:00,Istanbul,28.14,84,clear sky
2026-07-12T13:37:01.608914+00:00,Ankara,30.67,22,clear sky
2026-07-12T13:37:01.608914+00:00,İzmir,35.73,11,clear sky
2026-07-12T13:37:01.608914+00:00,Berlin,30.66,38,few clouds
2026-07-12T13:37:01.608914+00:00,London,29.75,43,clear sky
2026-07-12T15:00:17.184715+00:00,Istanbul,26.71,69,clear sky
2026-07-12T15:00:17.184715+00:00,Ankara,30.67,22,clear sky
2026-07-12T15:00:17.184715+00:00,İzmir,35.73,11,clear sky
2026-07-12T15:00:17.184715+00:00,Berlin,31.26,38,clear sky
2026-07-12T15:00:17.184715+00:00,London,29.42,41,clear sky
2026-07-12T17:02:31.112781+00:00,Istanbul,25.42,82,clear sky
2026-07-12T17:02:31.112781+00:00,Ankara,26.8,28,clear sky
2026-07-12T17:02:31.112781+00:00,İzmir,33.51,14,clear sky
2026-07-12T17:02:31.112781+00:00,Berlin,29.01,43,clear sky
2026-07-12T17:02:31.112781+00:00,London,28.26,38,clear sky
2026-07-12T19:10:16.882812+00:00,Istanbul,23.71,100,clear sky
2026-07-12T19:10:16.882812+00:00,Ankara,21.8,35,clear sky
2026-07-12T19:10:16.882812+00:00,İzmir,28.51,16,clear sky
2026-07-12T19:10:16.882812+00:00,Berlin,25.84,43,clear sky
2026-07-12T19:10:16.882812+00:00,London,24.89,32,clear sky
2026-07-12T20:54:44.524402+00:00,Istanbul,22.6,100,clear sky
2026-07-12T20:54:44.524402+00:00,Ankara,24.0,48,clear sky
2026-07-12T20:54:44.524402+00:00,İzmir,25.73,23,clear sky
2026-07-12T20:54:44.524402+00:00,Berlin,23.12,53,clear sky
2026-07-12T20:54:44.524402+00:00,London,21.85,45,clear sky
2026-07-12T21:55:58.441769+00:00,Istanbul,22.6,100,clear sky
2026-07-12T21:55:58.441769+00:00,Ankara,22.89,44,clear sky
2026-07-12T21:55:58.441769+00:00,İzmir,26.29,30,clear sky
2026-07-12T21:55:58.441769+00:00,Berlin,21.48,65,clear sky
2026-07-12T21:55:58.441769+00:00,London,20.3,53,clear sky
2026-07-12T22:56:01.860179+00:00,Istanbul,21.86,100,clear sky
2026-07-12T22:56:01.860179+00:00,Ankara,21.78,54,clear sky
2026-07-12T22:56:01.860179+00:00,İzmir,21.67,33,clear sky
2026-07-12T22:56:01.860179+00:00,Berlin,20.54,71,clear sky
2026-07-12T22:56:01.860179+00:00,London,18.71,58,clear sky
2026-07-13T00:00:14.810690+00:00,Istanbul,21.86,100,clear sky
2026-07-13T00:00:14.810690+00:00,Ankara,21.23,57,clear sky
2026-07-13T00:00:14.810690+00:00,İzmir,21.23,34,clear sky
2026-07-13T00:00:14.810690+00:00,Berlin,19.36,75,clear sky
2026-07-13T00:00:14.810690+00:00,London,17.39,63,clear sky
2026-07-13T04:31:57.366884+00:00,Istanbul,22.31,98,clear sky
2026-07-13T04:31:57.366884+00:00,Ankara,20.11,60,clear sky
2026-07-13T04:31:57.366884+00:00,İzmir,24.62,42,clear sky
2026-07-13T04:31:57.366884+00:00,Berlin,17.57,86,broken clouds
2026-07-13T04:31:57.366884+00:00,London,15.68,78,few clouds
2026-07-13T08:18:56.058216+00:00,Istanbul,25.75,62,clear sky
2026-07-13T08:18:56.058216+00:00,Ankara,26.78,42,clear sky
2026-07-13T08:18:56.058216+00:00,İzmir,31.29,22,clear sky
2026-07-13T08:18:56.058216+00:00,Berlin,24.17,66,clear sky
2026-07-13T08:18:56.058216+00:00,London,20.15,66,overcast clouds
2026-07-13T12:09:26.915602+00:00,Istanbul,26.62,56,clear sky
2026-07-13T12:09:26.915602+00:00,Ankara,31.23,26,clear sky
2026-07-13T12:09:26.915602+00:00,İzmir,35.73,16,clear sky
2026-07-13T12:09:26.915602+00:00,Berlin,28.28,49,clear sky
2026-07-13T12:09:26.915602+00:00,London,25.27,53,scattered clouds
2026-07-13T15:43:25.079189+00:00,Istanbul,26.39,66,clear sky
2026-07-13T15:43:25.079189+00:00,Ankara,31.23,23,clear sky
2026-07-13T15:43:25.079189+00:00,İzmir,33.51,24,clear sky
2026-07-13T15:43:25.079189+00:00,Berlin,28.48,45,scattered clouds
2026-07-13T15:43:25.079189+00:00,London,27.02,50,clear sky
2026-07-13T17:57:41.222590+00:00,Istanbul,25.59,74,clear sky
2026-07-13T17:57:41.222590+00:00,Ankara,27.34,44,clear sky
2026-07-13T17:57:41.222590+00:00,İzmir,30.73,43,clear sky
2026-07-13T17:57:41.222590+00:00,Berlin,26.79,51,broken clouds
2026-07-13T17:57:41.222590+00:00,London,25.37,53,clear sky
2026-07-13T19:40:43.288669+00:00,Istanbul,24.82,100,clear sky
2026-07-13T19:40:43.288669+00:00,Ankara,25.11,57,clear sky
2026-07-13T19:40:43.288669+00:00,İzmir,23.5,53,clear sky
2026-07-13T19:40:43.288669+00:00,Berlin,24.56,59,clear sky
2026-07-13T19:40:43.288669+00:00,London,22.84,65,scattered clouds
2026-07-13T21:00:04.444822+00:00,Istanbul,23.71,100,clear sky
2026-07-13T21:00:04.444822+00:00,Ankara,24.0,60,clear sky
2026-07-13T21:00:04.444822+00:00,İzmir,26.29,49,clear sky
2026-07-13T21:00:04.444822+00:00,Berlin,21.98,66,scattered clouds
2026-07-13T21:00:04.444822+00:00,London,20.37,73,broken clouds
2026-07-13T22:04:05.122606+00:00,Istanbul,23.71,100,clear sky
2026-07-13T22:04:05.122606+00:00,Ankara,22.34,64,clear sky
2026-07-13T22:04:05.122606+00:00,İzmir,25.73,48,clear sky
2026-07-13T22:04:05.122606+00:00,Berlin,20.96,69,broken clouds
2026-07-13T22:04:05.122606+00:00,London,19.27,76,broken clouds
2026-07-13T23:56:34.122502+00:00,Istanbul,22.97,100,few clouds
2026-07-13T23:56:34.122502+00:00,Ankara,21.23,67,clear sky
2026-07-13T23:56:34.122502+00:00,İzmir,26.29,55,clear sky
2026-07-13T23:56:34.122502+00:00,Berlin,19.45,76,broken clouds
2026-07-13T23:56:34.122502+00:00,London,17.51,81,broken clouds
2026-07-14T03:16:58.856578+00:00,Istanbul,20.2,100,few clouds
2026-07-14T03:16:58.856578+00:00,Ankara,19.0,75,scattered clouds
2026-07-14T03:16:58.856578+00:00,İzmir,22.29,63,clear sky
2026-07-14T03:16:58.856578+00:00,Berlin,17.3,89,overcast clouds
2026-07-14T03:16:58.856578+00:00,London,16.75,83,overcast clouds
2026-07-14T06:13:51.315796+00:00,Istanbul,25.75,57,clear sky
2026-07-14T06:13:51.315796+00:00,Ankara,21.23,68,scattered clouds
2026-07-14T06:13:51.315796+00:00,İzmir,27.4,44,clear sky
2026-07-14T06:13:51.315796+00:00,Berlin,19.17,84,overcast clouds
2026-07-14T06:13:51.315796+00:00,London,17.47,82,broken clouds
2026-07-14T09:06:49.074053+00:00,Istanbul,26.18,81,clear sky
2026-07-14T09:06:49.074053+00:00,Ankara,25.11,51,clear sky
2026-07-14T09:06:49.074053+00:00,İzmir,29.62,32,clear sky
2026-07-14T09:06:49.074053+00:00,Berlin,19.64,77,light rain
2026-07-14T09:06:49.074053+00:00,London,20.94,72,scattered clouds
2026-07-14T11:27:02.187100+00:00,Istanbul,27.69,100,clear sky
2026-07-14T11:27:02.187100+00:00,Ankara,27.34,35,clear sky
2026-07-14T11:27:02.187100+00:00,İzmir,31.29,27,clear sky
2026-07-14T11:27:02.187100+00:00,Berlin,21.74,57,overcast clouds
2026-07-14T11:27:02.187100+00:00,London,25.69,60,scattered clouds
2026-07-14T13:52:22.427015+00:00,Istanbul,26.18,79,clear sky
2026-07-14T13:52:22.427015+00:00,Ankara,28.45,30,clear sky
2026-07-14T13:52:22.427015+00:00,İzmir,31.29,22,clear sky
2026-07-14T13:52:22.427015+00:00,Berlin,23.38,53,overcast clouds
2026-07-14T13:52:22.427015+00:00,London,28.52,52,clear sky
2026-07-14T15:25:43.678386+00:00,Istanbul,25.86,80,clear sky
2026-07-14T15:25:43.678386+00:00,Ankara,26.23,39,few clouds
2026-07-14T15:25:43.678386+00:00,İzmir,32.4,22,clear sky
2026-07-14T15:25:43.678386+00:00,Berlin,23.59,37,overcast clouds
2026-07-14T15:25:43.678386+00:00,London,29.33,46,clear sky
2026-07-14T17:18:08.937269+00:00,Istanbul,25.33,84,clear sky
2026-07-14T17:18:08.937269+00:00,Ankara,23.45,43,clear sky
2026-07-14T17:18:08.937269+00:00,İzmir,29.62,26,clear sky
2026-07-14T17:18:08.937269+00:00,Berlin,25.02,46,overcast clouds
2026-07-14T17:18:08.937269+00:00,London,29.42,41,clear sky
2026-07-14T19:24:58.141476+00:00,Istanbul,23.81,100,clear sky
2026-07-14T19:24:58.141476+00:00,Ankara,21.23,51,clear sky
2026-07-14T19:24:58.141476+00:00,İzmir,24.68,42,clear sky
2026-07-14T19:24:58.141476+00:00,Berlin,22.34,47,few clouds
2026-07-14T19:24:58.141476+00:00,London,26.52,46,broken clouds
2026-07-14T21:03:26.230521+00:00,Istanbul,22.6,100,clear sky
2026-07-14T21:03:26.230521+00:00,Ankara,19.56,59,clear sky
2026-07-14T21:03:26.230521+00:00,İzmir,22.83,47,clear sky
2026-07-14T21:03:26.230521+00:00,Berlin,20.49,54,scattered clouds
2026-07-14T21:03:26.230521+00:00,London,23.55,60,scattered clouds
2026-07-14T22:59:12.059020+00:00,Istanbul,21.86,100,clear sky
2026-07-14T22:59:12.059020+00:00,Ankara,17.89,64,clear sky
2026-07-14T22:59:12.059020+00:00,İzmir,21.17,51,clear sky
2026-07-14T22:59:12.059020+00:00,Berlin,19.41,57,scattered clouds
2026-07-14T22:59:12.059020+00:00,London,20.46,73,broken clouds
2026-07-15T00:00:22.453043+00:00,Istanbul,21.49,100,clear sky
2026-07-15T00:00:22.453043+00:00,Ankara,17.34,68,clear sky
2026-07-15T00:00:22.453043+00:00,İzmir,20.96,55,clear sky
2026-07-15T00:00:22.453043+00:00,Berlin,18.55,67,few clouds
2026-07-15T00:00:22.453043+00:00,London,19.22,77,broken clouds
2026-07-15T04:07:41.112234+00:00,Istanbul,21.14,100,clear sky
2026-07-15T04:07:41.112234+00:00,Ankara,16.23,71,clear sky
2026-07-15T04:07:41.112234+00:00,İzmir,22.04,54,clear sky
2026-07-15T04:07:41.112234+00:00,Berlin,17.14,73,clear sky
2026-07-15T04:07:41.112234+00:00,London,17.12,85,scattered clouds
2026-07-15T07:17:07.019072+00:00,Istanbul,25.75,66,clear sky
2026-07-15T07:17:07.019072+00:00,Ankara,21.78,55,clear sky
2026-07-15T07:17:07.019072+00:00,İzmir,28.51,34,clear sky
2026-07-15T07:17:07.019072+00:00,Berlin,20.76,60,few clouds
2026-07-15T07:17:07.019072+00:00,London,19.57,78,clear sky
2026-07-15T10:06:09.818598+00:00,Istanbul,25.75,61,clear sky
2026-07-15T10:06:09.818598+00:00,Ankara,25.67,39,clear sky
2026-07-15T10:06:09.818598+00:00,İzmir,31.29,23,clear sky
2026-07-15T10:06:09.818598+00:00,Berlin,25.09,41,clear sky
2026-07-15T10:06:09.818598+00:00,London,24.55,62,clear sky
2026-07-15T12:18:38.353626+00:00,Istanbul,28.47,75,clear sky
2026-07-15T12:18:38.353626+00:00,Ankara,28.45,31,clear sky
2026-07-15T12:18:38.353626+00:00,İzmir,34.62,17,clear sky
2026-07-15T12:18:38.353626+00:00,Berlin,26.96,34,clear sky
2026-07-15T12:18:38.353626+00:00,London,26.88,52,clear sky
2026-07-15T14:55:25.911894+00:00,Istanbul,28.73,60,clear sky
2026-07-15T14:55:25.911894+00:00,Ankara,28.45,29,clear sky
2026-07-15T14:55:25.911894+00:00,İzmir,34.62,15,clear sky
2026-07-15T14:55:25.911894+00:00,Berlin,24.85,43,broken clouds
2026-07-15T14:55:25.911894+00:00,London,28.3,44,clear sky
2026-07-15T16:26:35.748976+00:00,Istanbul,28.32,72,clear sky
2026-07-15T16:26:35.748976+00:00,Ankara,27.89,31,few clouds
2026-07-15T16:26:35.748976+00:00,İzmir,34.62,16,clear sky
2026-07-15T16:26:35.748976+00:00,Berlin,24.48,42,broken clouds
2026-07-15T16:26:35.748976+00:00,London,27.99,44,clear sky
2026-07-15T18:11:08.095651+00:00,Istanbul,25.75,72,clear sky
2026-07-15T18:11:08.095651+00:00,Ankara,25.67,36,few clouds
2026-07-15T18:11:08.095651+00:00,İzmir,30.73,42,clear sky
2026-07-15T18:11:08.095651+00:00,Berlin,23.43,40,broken clouds
2026-07-15T18:11:08.095651+00:00,London,26.55,45,clear sky
2026-07-15T20:13:13.206644+00:00,Istanbul,25.69,68,clear sky
2026-07-15T20:13:13.206644+00:00,Ankara,22.89,50,clear sky
2026-07-15T20:13:13.206644+00:00,İzmir,24.92,62,clear sky
2026-07-15T20:13:13.206644+00:00,Berlin,21.32,48,overcast clouds
2026-07-15T20:13:13.206644+00:00,London,23.9,54,clear sky
2026-07-15T22:04:54.194405+00:00,Istanbul,23.32,100,clear sky
2026-07-15T22:04:54.194405+00:00,Ankara,21.23,59,clear sky
2026-07-15T22:04:54.194405+00:00,İzmir,23.62,64,clear sky
2026-07-15T22:04:54.194405+00:00,Berlin,20.25,55,overcast clouds
2026-07-15T22:04:54.194405+00:00,London,20.88,67,clear sky
2026-07-16T00:01:32.662617+00:00,Istanbul,22.6,100,clear sky
2026-07-16T00:01:32.662617+00:00,Ankara,19.56,67,clear sky
2026-07-16T00:01:32.662617+00:00,İzmir,22.17,58,clear sky
2026-07-16T00:01:32.662617+00:00,Berlin,19.06,67,broken clouds
2026-07-16T00:01:32.662617+00:00,London,18.46,75,clear sky
2026-07-16T04:11:26.090416+00:00,Istanbul,23.42,100,scattered clouds
2026-07-16T04:11:26.090416+00:00,Ankara,18.45,71,clear sky
2026-07-16T04:11:26.090416+00:00,İzmir,23.11,64,clear sky
2026-07-16T04:11:26.090416+00:00,Berlin,16.94,85,scattered clouds
2026-07-16T04:11:26.090416+00:00,London,15.89,86,clear sky
2026-07-16T07:24:40.537169+00:00,Istanbul,26.31,67,clear sky
2026-07-16T07:24:40.537169+00:00,Ankara,23.45,51,clear sky
2026-07-16T07:24:40.537169+00:00,İzmir,29.62,42,clear sky
2026-07-16T07:24:40.537169+00:00,Berlin,22.17,67,clear sky
2026-07-16T07:24:40.537169+00:00,London,18.82,78,clear sky
2026-07-16T10:12:49.679135+00:00,Istanbul,29.96,100,clear sky
2026-07-16T10:12:49.679135+00:00,Ankara,27.34,33,clear sky
2026-07-16T10:12:49.679135+00:00,İzmir,34.62,22,clear sky
2026-07-16T10:12:49.679135+00:00,Berlin,27.19,51,clear sky
2026-07-16T10:12:49.679135+00:00,London,24.66,60,clear sky
2026-07-16T12:22:13.262534+00:00,Istanbul,30.69,86,clear sky
2026-07-16T12:22:13.262534+00:00,Ankara,29.0,29,clear sky
2026-07-16T12:22:13.262534+00:00,İzmir,35.73,14,clear sky
2026-07-16T12:22:13.262534+00:00,Berlin,28.65,44,clear sky
2026-07-16T12:22:13.262534+00:00,London,28.11,47,clear sky
2026-07-16T15:05:24.976419+00:00,Istanbul,29.61,76,clear sky
2026-07-16T15:05:24.976419+00:00,Ankara,29.56,28,clear sky
2026-07-16T15:05:24.976419+00:00,İzmir,36.29,15,clear sky
2026-07-16T15:05:24.976419+00:00,Berlin,30.03,35,scattered clouds
2026-07-16T15:05:24.976419+00:00,London,28.39,42,clear sky
2026-07-16T17:21:59.547116+00:00,Istanbul,26.42,62,clear sky
2026-07-16T17:21:59.547116+00:00,Ankara,27.34,37,clear sky
2026-07-16T17:21:59.547116+00:00,İzmir,34.62,51,clear sky
2026-07-16T17:21:59.547116+00:00,Berlin,28.96,39,scattered clouds
2026-07-16T17:21:59.547116+00:00,London,26.78,44,clear sky
2026-07-16T19:17:54.377410+00:00,Istanbul,26.04,78,few clouds
2026-07-16T19:17:54.377410+00:00,Ankara,24.56,49,clear sky
2026-07-16T19:17:54.377410+00:00,İzmir,23.79,62,clear sky
2026-07-16T19:17:54.377410+00:00,Berlin,26.01,47,scattered clouds
2026-07-16T19:17:54.377410+00:00,London,24.25,50,clear sky
2026-07-16T21:04:41.369742+00:00,Istanbul,25.88,78,broken clouds
2026-07-16T21:04:41.369742+00:00,Ankara,22.34,55,clear sky
2026-07-16T21:04:41.369742+00:00,İzmir,22.94,65,clear sky
2026-07-16T21:04:41.369742+00:00,Berlin,22.53,63,broken clouds
2026-07-16T21:04:41.369742+00:00,London,21.88,58,clear sky
2026-07-16T23:00:07.716185+00:00,Istanbul,24.08,100,broken clouds
2026-07-16T23:00:07.716185+00:00,Ankara,20.67,62,clear sky
2026-07-16T23:00:07.716185+00:00,İzmir,22.52,56,clear sky
2026-07-16T23:00:07.716185+00:00,Berlin,21.61,72,broken clouds
2026-07-16T23:00:07.716185+00:00,London,19.41,69,clear sky
2026-07-17T00:08:52.091179+00:00,Istanbul,23.71,100,broken clouds
2026-07-17T00:08:52.091179+00:00,Ankara,20.11,66,clear sky
2026-07-17T00:08:52.091179+00:00,İzmir,21.95,48,clear sky
2026-07-17T00:08:52.091179+00:00,Berlin,21.36,64,scattered clouds
2026-07-17T00:08:52.091179+00:00,London,18.47,72,clear sky
2026-07-17T04:10:01.743837+00:00,Istanbul,23.42,100,few clouds
2026-07-17T04:10:01.743837+00:00,Ankara,19.0,70,clear sky
2026-07-17T04:10:01.743837+00:00,İzmir,21.79,53,clear sky
2026-07-17T04:10:01.743837+00:00,Berlin,20.34,69,scattered clouds
2026-07-17T04:10:01.743837+00:00,London,14.73,85,clear sky
2026-07-17T07:20:00.521862+00:00,Istanbul,26.31,68,broken clouds
2026-07-17T07:20:00.521862+00:00,Ankara,22.89,55,clear sky
2026-07-17T07:20:00.521862+00:00,İzmir,30.73,46,clear sky
2026-07-17T07:20:00.521862+00:00,Berlin,23.37,70,heavy intensity rain
2026-07-17T07:20:00.521862+00:00,London,16.81,79,clear sky
2026-07-17T10:02:01.879069+00:00,Istanbul,31.07,100,scattered clouds
2026-07-17T10:02:01.879069+00:00,Ankara,26.23,36,scattered clouds
2026-07-17T10:02:01.879069+00:00,İzmir,34.62,14,clear sky
2026-07-17T10:02:01.879069+00:00,Berlin,28.04,59,overcast clouds
2026-07-17T10:02:01.879069+00:00,London,23.36,55,clear sky
2026-07-17T12:12:50.554298+00:00,Istanbul,31.19,82,few clouds
2026-07-17T12:12:50.554298+00:00,Ankara,27.89,30,broken clouds
2026-07-17T12:12:50.554298+00:00,İzmir,35.73,12,clear sky
2026-07-17T12:12:50.554298+00:00,Berlin,29.07,52,overcast clouds
2026-07-17T12:12:50.554298+00:00,London,26.92,43,clear sky
2026-07-17T14:46:09.647623+00:00,Istanbul,29.82,76,clear sky
2026-07-17T14:46:09.647623+00:00,Ankara,29.0,31,scattered clouds
2026-07-17T14:46:09.647623+00:00,İzmir,36.29,15,clear sky
2026-07-17T14:46:09.647623+00:00,Berlin,29.91,50,overcast clouds
2026-07-17T14:46:09.647623+00:00,London,28.39,39,scattered clouds
2026-07-17T16:17:53.052236+00:00,Istanbul,26.89,74,clear sky
2026-07-17T16:17:53.052236+00:00,Ankara,27.34,34,scattered clouds
2026-07-17T16:17:53.052236+00:00,İzmir,35.73,19,clear sky
2026-07-17T16:17:53.052236+00:00,Berlin,28.29,55,overcast clouds
2026-07-17T16:17:53.052236+00:00,London,28.43,39,scattered clouds
2026-07-17T18:08:43.569236+00:00,Istanbul,26.36,77,clear sky
2026-07-17T18:08:43.569236+00:00,Ankara,25.67,38,few clouds
2026-07-17T18:08:43.569236+00:00,İzmir,31.29,56,clear sky
2026-07-17T18:08:43.569236+00:00,Berlin,21.5,77,heavy intensity rain
2026-07-17T18:08:43.569236+00:00,London,27.79,40,scattered clouds
2026-07-17T20:08:26.958347+00:00,Istanbul,26.43,78,clear sky
2026-07-17T20:08:26.958347+00:00,Ankara,22.36,45,broken clouds
2026-07-17T20:08:26.958347+00:00,İzmir,23.44,37,clear sky
2026-07-17T20:08:26.958347+00:00,Berlin,21.13,87,overcast clouds
2026-07-17T20:08:26.958347+00:00,London,23.27,61,clear sky
2026-07-17T21:56:34.544066+00:00,Istanbul,24.82,100,clear sky
2026-07-17T21:56:34.544066+00:00,Ankara,21.78,54,broken clouds
2026-07-17T21:56:34.544066+00:00,İzmir,23.13,38,clear sky
2026-07-17T21:56:34.544066+00:00,Berlin,20.37,93,heavy intensity rain
2026-07-17T21:56:34.544066+00:00,London,19.66,76,clear sky
2026-07-17T22:55:48.154820+00:00,Istanbul,24.08,100,clear sky
2026-07-17T22:55:48.154820+00:00,Ankara,21.23,55,broken clouds
2026-07-17T22:55:48.154820+00:00,İzmir,23.4,37,clear sky
2026-07-17T22:55:48.154820+00:00,Berlin,19.81,95,overcast clouds
2026-07-17T22:55:48.154820+00:00,London,18.99,78,clear sky
2026-07-17T23:56:31.559957+00:00,Istanbul,23.71,100,clear sky
2026-07-17T23:56:31.559957+00:00,Ankara,20.67,57,scattered clouds
2026-07-17T23:56:31.559957+00:00,İzmir,23.54,40,clear sky
2026-07-17T23:56:31.559957+00:00,Berlin,19.04,96,overcast clouds
2026-07-17T23:56:31.559957+00:00,London,18.11,81,clear sky
2026-07-18T03:14:34.728240+00:00,Istanbul,23.36,100,clear sky
2026-07-18T03:14:34.728240+00:00,Ankara,19.56,60,clear sky
2026-07-18T03:14:34.728240+00:00,İzmir,21.53,50,clear sky
2026-07-18T03:14:34.728240+00:00,Berlin,17.56,88,overcast clouds
2026-07-18T03:14:34.728240+00:00,London,16.86,77,clear sky
2026-07-18T06:08:10.533309+00:00,Istanbul,26.86,69,clear sky
2026-07-18T06:08:10.533309+00:00,Ankara,22.89,50,clear sky
2026-07-18T06:08:10.533309+00:00,İzmir,29.62,36,clear sky
2026-07-18T06:08:10.533309+00:00,Berlin,17.86,79,overcast clouds
2026-07-18T06:08:10.533309+00:00,London,16.22,80,scattered clouds
2026-07-18T08:50:15.555310+00:00,Istanbul,26.86,68,clear sky
2026-07-18T08:50:15.555310+00:00,Ankara,25.67,40,clear sky
2026-07-18T08:50:15.555310+00:00,İzmir,31.29,21,clear sky
2026-07-18T08:50:15.555310+00:00,Berlin,20.62,72,few clouds
2026-07-18T08:50:15.555310+00:00,London,18.84,62,clear sky
2026-07-18T10:21:12.843280+00:00,Istanbul,26.31,61,clear sky
2026-07-18T10:21:12.843280+00:00,Ankara,26.78,34,clear sky
2026-07-18T10:21:12.843280+00:00,İzmir,34.62,16,clear sky
2026-07-18T10:21:12.843280+00:00,Berlin,21.4,64,few clouds
2026-07-18T10:21:12.843280+00:00,London,20.76,53,clear sky
2026-07-18T11:54:55.013432+00:00,Istanbul,31.49,63,clear sky
2026-07-18T11:54:55.013432+00:00,Ankara,29.0,28,clear sky
2026-07-18T11:54:55.013432+00:00,İzmir,36.29,11,clear sky
2026-07-18T11:54:55.013432+00:00,Berlin,23.42,57,few clouds
2026-07-18T11:54:55.013432+00:00,London,22.64,48,clear sky
2026-07-18T13:23:36.088262+00:00,Istanbul,29.82,66,clear sky
2026-07-18T13:23:36.088262+00:00,Ankara,29.0,28,few clouds
2026-07-18T13:23:36.088262+00:00,İzmir,36.29,10,clear sky
2026-07-18T13:23:36.088262+00:00,Berlin,24.29,53,scattered clouds
2026-07-18T13:23:36.088262+00:00,London,23.43,49,few clouds
2026-07-18T14:57:22.011422+00:00,Istanbul,27.39,73,clear sky
2026-07-18T14:57:22.011422+00:00,Ankara,29.0,29,scattered clouds
2026-07-18T14:57:22.011422+00:00,İzmir,36.29,11,clear sky
2026-07-18T14:57:22.011422+00:00,Berlin,24.58,48,scattered clouds
2026-07-18T14:57:22.011422+00:00,London,22.77,48,broken clouds
2026-07-18T16:03:03.766872+00:00,Istanbul,26.68,74,clear sky
2026-07-18T16:03:03.766872+00:00,Ankara,29.56,29,scattered clouds
2026-07-18T16:03:03.766872+00:00,İzmir,36.29,14,clear sky
2026-07-18T16:03:03.766872+00:00,Berlin,23.2,50,scattered clouds
2026-07-18T16:03:03.766872+00:00,London,23.09,47,broken clouds
2026-07-18T17:57:40.002259+00:00,Istanbul,26.54,76,clear sky
2026-07-18T17:57:40.002259+00:00,Ankara,26.78,35,broken clouds
2026-07-18T17:57:40.002259+00:00,İzmir,33.51,44,clear sky
2026-07-18T17:57:40.002259+00:00,Berlin,21.87,56,scattered clouds
2026-07-18T17:57:40.002259+00:00,London,21.58,51,broken clouds
2026-07-18T19:16:12.606791+00:00,Istanbul,24.82,100,clear sky
2026-07-18T19:16:12.606791+00:00,Ankara,25.67,38,broken clouds
2026-07-18T19:16:12.606791+00:00,İzmir,26.62,59,clear sky
2026-07-18T19:16:12.606791+00:00,Berlin,20.67,60,broken clouds
2026-07-18T19:16:12.606791+00:00,London,20.17,56,broken clouds
2026-07-18T20:54:20.800648+00:00,Istanbul,24.82,100,clear sky
2026-07-18T20:54:20.800648+00:00,Ankara,23.45,46,scattered clouds
2026-07-18T20:54:20.800648+00:00,İzmir,24.7,50,clear sky
2026-07-18T20:54:20.800648+00:00,Berlin,18.49,66,broken clouds
2026-07-18T20:54:20.800648+00:00,London,18.14,61,broken clouds
2026-07-18T21:54:51.431534+00:00,Istanbul,24.82,100,clear sky
2026-07-18T21:54:51.431534+00:00,Ankara,22.89,52,scattered clouds
2026-07-18T21:54:51.431534+00:00,İzmir,24.1,50,clear sky
2026-07-18T21:54:51.431534+00:00,Berlin,17.55,67,scattered clouds
2026-07-18T21:54:51.431534+00:00,London,16.85,65,scattered clouds
2026-07-18T22:54:09.235555+00:00,Istanbul,23.71,100,clear sky
2026-07-18T22:54:09.235555+00:00,Ankara,22.34,57,scattered clouds
2026-07-18T22:54:09.235555+00:00,İzmir,23.42,51,clear sky
2026-07-18T22:54:09.235555+00:00,Berlin,15.74,78,scattered clouds
2026-07-18T22:54:09.235555+00:00,London,15.88,68,scattered clouds
2026-07-18T23:57:10.564822+00:00,Istanbul,23.71,100,clear sky
2026-07-18T23:57:10.564822+00:00,Ankara,21.23,59,few clouds
2026-07-18T23:57:10.564822+00:00,İzmir,26.29,53,clear sky
2026-07-18T23:57:10.564822+00:00,Berlin,16.69,75,scattered clouds
2026-07-18T23:57:10.564822+00:00,London,15.08,71,scattered clouds
2026-07-19T03:39:22.976472+00:00,Istanbul,22.97,100,clear sky
2026-07-19T03:39:22.976472+00:00,Ankara,19.56,63,clear sky
2026-07-19T03:39:22.976472+00:00,İzmir,22.24,62,clear sky
2026-07-19T03:39:22.976472+00:00,Berlin,15.48,71,broken clouds
2026-07-19T03:39:22.976472+00:00,London,12.91,77,clear sky
2026-07-19T06:33:27.477227+00:00,Istanbul,26.31,65,clear sky
2026-07-19T06:33:27.477227+00:00,Ankara,24.0,51,clear sky
2026-07-19T06:33:27.477227+00:00,İzmir,28.51,46,clear sky
2026-07-19T06:33:27.477227+00:00,Berlin,16.09,67,overcast clouds
2026-07-19T06:33:27.477227+00:00,London,14.15,71,clear sky
2026-07-19T09:06:51.015576+00:00,Istanbul,26.84,60,clear sky
2026-07-19T09:06:51.015576+00:00,Ankara,27.34,41,clear sky
2026-07-19T09:06:51.015576+00:00,İzmir,32.4,20,clear sky
2026-07-19T09:06:51.015576+00:00,Berlin,19.31,61,overcast clouds
2026-07-19T09:06:51.015576+00:00,London,18.2,54,broken clouds
2026-07-19T11:11:37.152840+00:00,Istanbul,30.21,46,clear sky
2026-07-19T11:11:37.152840+00:00,Ankara,29.56,34,clear sky
2026-07-19T11:11:37.152840+00:00,İzmir,35.73,10,clear sky
2026-07-19T11:11:37.152840+00:00,Berlin,21.45,51,overcast clouds
2026-07-19T11:11:37.152840+00:00,London,20.36,47,scattered clouds
2026-07-19T13:25:07.344111+00:00,Istanbul,29.93,58,clear sky
2026-07-19T13:25:07.344111+00:00,Ankara,30.67,31,clear sky
2026-07-19T13:25:07.344111+00:00,İzmir,39.51,9,clear sky
2026-07-19T13:25:07.344111+00:00,Berlin,21.64,51,overcast clouds
2026-07-19T13:25:07.344111+00:00,London,22.48,39,overcast clouds
2026-07-19T14:59:51.455501+00:00,Istanbul,29.59,66,clear sky
2026-07-19T14:59:51.455501+00:00,Ankara,31.23,28,clear sky
2026-07-19T14:59:51.455501+00:00,İzmir,36.29,12,clear sky
2026-07-19T14:59:51.455501+00:00,Berlin,18.91,63,heavy intensity rain
2026-07-19T14:59:51.455501+00:00,London,23.62,36,scattered clouds
2026-07-19T16:04:26.723232+00:00,Istanbul,27.39,61,clear sky
2026-07-19T16:04:26.723232+00:00,Ankara,31.78,26,clear sky
2026-07-19T16:04:26.723232+00:00,İzmir,35.73,15,clear sky
2026-07-19T16:04:26.723232+00:00,Berlin,17.33,69,heavy intensity rain
2026-07-19T16:04:26.723232+00:00,London,23.17,36,scattered clouds
2026-07-19T17:59:53.281581+00:00,Istanbul,26.75,71,clear sky
2026-07-19T17:59:53.281581+00:00,Ankara,25.13,36,clear sky
2026-07-19T17:59:53.281581+00:00,İzmir,24.89,32,clear sky
2026-07-19T17:59:53.281581+00:00,Berlin,16.7,81,overcast clouds
2026-07-19T17:59:53.281581+00:00,London,21.56,40,few clouds
2026-07-19T19:20:06.209933+00:00,Istanbul,25.2,100,clear sky
2026-07-19T19:20:06.209933+00:00,Ankara,22.36,42,clear sky
2026-07-19T19:20:06.209933+00:00,İzmir,24.81,34,clear sky
2026-07-19T19:20:06.209933+00:00,Berlin,15.87,82,overcast clouds
2026-07-19T19:20:06.209933+00:00,London,19.84,46,clear sky
2026-07-19T20:54:55.545148+00:00,Istanbul,24.43,100,clear sky
2026-07-19T20:54:55.545148+00:00,Ankara,25.67,38,clear sky
2026-07-19T20:54:55.545148+00:00,İzmir,29.62,49,clear sky
2026-07-19T20:54:55.545148+00:00,Berlin,15.02,87,scattered clouds
2026-07-19T20:54:55.545148+00:00,London,17.21,54,clear sky
2026-07-19T21:57:07.891186+00:00,Istanbul,24.05,100,clear sky
2026-07-19T21:57:07.891186+00:00,Ankara,25.11,38,clear sky
2026-07-19T21:57:07.891186+00:00,İzmir,28.51,48,clear sky
2026-07-19T21:57:07.891186+00:00,Berlin,14.8,85,scattered clouds
2026-07-19T21:57:07.891186+00:00,London,16.13,58,clear sky
2026-07-19T23:00:01.800210+00:00,Istanbul,23.32,100,clear sky
2026-07-19T23:00:01.800210+00:00,Ankara,24.0,46,clear sky
2026-07-19T23:00:01.800210+00:00,İzmir,25.73,49,clear sky
2026-07-19T23:00:01.800210+00:00,Berlin,13.8,71,scattered clouds
2026-07-19T23:00:01.800210+00:00,London,15.26,62,clear sky
2026-07-20T00:05:49.373207+00:00,Istanbul,22.97,100,clear sky
2026-07-20T00:05:49.373207+00:00,Ankara,22.89,51,clear sky
2026-07-20T00:05:49.373207+00:00,İzmir,24.62,49,clear sky
2026-07-20T00:05:49.373207+00:00,Berlin,11.89,74,broken clouds
2026-07-20T00:05:49.373207+00:00,London,14.23,67,clear sky
2026-07-20T04:37:56.413647+00:00,Istanbul,23.42,100,clear sky
2026-07-20T04:37:56.413647+00:00,Ankara,21.78,52,clear sky
2026-07-20T04:37:56.413647+00:00,İzmir,22.4,44,clear sky
2026-07-20T04:37:56.413647+00:00,Berlin,13.5,89,light rain
2026-07-20T04:37:56.413647+00:00,London,11.37,79,overcast clouds
2026-07-20T08:08:59.367215+00:00,Istanbul,26.69,66,clear sky
2026-07-20T08:08:59.367215+00:00,Ankara,30.11,30,clear sky
2026-07-20T08:08:59.367215+00:00,İzmir,27.48,26,clear sky
2026-07-20T08:08:59.367215+00:00,Berlin,15.26,83,light rain
2026-07-20T08:08:59.367215+00:00,London,16.77,66,scattered clouds
2026-07-20T11:48:46.488172+00:00,Istanbul,32.63,39,clear sky
2026-07-20T11:48:46.488172+00:00,Ankara,32.89,28,clear sky
2026-07-20T11:48:46.488172+00:00,İzmir,36.29,12,clear sky
2026-07-20T11:48:46.488172+00:00,Berlin,18.06,76,overcast clouds
2026-07-20T11:48:46.488172+00:00,London,23.23,39,scattered clouds
2026-07-20T14:14:02.973420+00:00,Istanbul,31.24,78,clear sky
2026-07-20T14:14:02.973420+00:00,Ankara,32.89,27,clear sky
2026-07-20T14:14:02.973420+00:00,İzmir,37.4,17,clear sky
2026-07-20T14:14:02.973420+00:00,Berlin,19.33,67,broken clouds
2026-07-20T14:14:02.973420+00:00,London,26.04,34,clear sky
2026-07-20T16:26:33.410396+00:00,Istanbul,27.39,69,clear sky
2026-07-20T16:26:33.410396+00:00,Ankara,32.34,28,clear sky
2026-07-20T16:26:33.410396+00:00,İzmir,35.73,23,clear sky
2026-07-20T16:26:33.410396+00:00,Berlin,18.94,68,broken clouds
2026-07-20T16:26:33.410396+00:00,London,26.13,32,few clouds
2026-07-20T18:55:19.737286+00:00,Istanbul,26.43,74,clear sky
2026-07-20T18:55:19.737286+00:00,Ankara,25.13,46,clear sky
2026-07-20T18:55:19.737286+00:00,İzmir,31.29,51,clear sky
2026-07-20T18:55:19.737286+00:00,Berlin,17.31,65,overcast clouds
2026-07-20T18:55:19.737286+00:00,London,22.86,46,clear sky
2026-07-20T20:24:04.103492+00:00,Istanbul,24.43,100,clear sky
2026-07-20T20:24:04.103492+00:00,Ankara,25.67,42,clear sky
2026-07-20T20:24:04.103492+00:00,İzmir,24.31,67,clear sky
2026-07-20T20:24:04.103492+00:00,Berlin,16.71,61,overcast clouds
2026-07-20T20:24:04.103492+00:00,London,19.88,60,clear sky
2026-07-20T22:03:12.545295+00:00,Istanbul,23.32,100,clear sky
2026-07-20T22:03:12.545295+00:00,Ankara,24.56,47,clear sky
2026-07-20T22:03:12.545295+00:00,İzmir,24.14,57,clear sky
2026-07-20T22:03:12.545295+00:00,Berlin,15.11,65,overcast clouds
2026-07-20T22:03:12.545295+00:00,London,18.19,67,clear sky
2026-07-20T23:59:15.091664+00:00,Istanbul,23.32,100,clear sky
2026-07-20T23:59:15.091664+00:00,Ankara,22.89,49,clear sky
2026-07-20T23:59:15.091664+00:00,İzmir,28.51,55,clear sky
2026-07-20T23:59:15.091664+00:00,Berlin,13.87,66,overcast clouds
2026-07-20T23:59:15.091664+00:00,London,16.8,73,clear sky
2026-07-21T03:35:07.823195+00:00,Istanbul,22.6,100,clear sky
2026-07-21T03:35:07.823195+00:00,Ankara,21.23,38,clear sky
2026-07-21T03:35:07.823195+00:00,İzmir,26.29,55,clear sky
2026-07-21T03:35:07.823195+00:00,Berlin,12.85,76,overcast clouds
2026-07-21T03:35:07.823195+00:00,London,14.31,81,clear sky
2026-07-21T06:32:15.493981+00:00,Istanbul,26.86,100,clear sky
2026-07-21T06:32:15.493981+00:00,Ankara,25.11,38,clear sky
2026-07-21T06:32:15.493981+00:00,İzmir,31.29,23,clear sky
2026-07-21T06:32:15.493981+00:00,Berlin,14.69,77,broken clouds
2026-07-21T06:32:15.493981+00:00,London,15.75,80,clear sky
2026-07-21T09:30:01.169346+00:00,Istanbul,26.86,100,clear sky
2026-07-21T09:30:01.169346+00:00,Ankara,29.56,29,clear sky
2026-07-21T09:30:01.169346+00:00,İzmir,35.73,19,clear sky
2026-07-21T09:30:01.169346+00:00,Berlin,21.35,55,overcast clouds
2026-07-21T09:30:01.169346+00:00,London,18.8,67,few clouds
2026-07-21T11:49:08.562819+00:00,Istanbul,33.28,33,clear sky
2026-07-21T11:49:08.562819+00:00,Ankara,31.78,12,clear sky
2026-07-21T11:49:08.562819+00:00,İzmir,37.4,16,clear sky
2026-07-21T11:49:08.562819+00:00,Berlin,22.01,48,broken clouds
2026-07-21T11:49:08.562819+00:00,London,22.5,57,few clouds
2026-07-21T14:01:03.490093+00:00,Istanbul,31.4,75,clear sky
2026-07-21T14:01:03.490093+00:00,Ankara,32.34,19,clear sky
2026-07-21T14:01:03.490093+00:00,İzmir,38.02,20,clear sky
2026-07-21T14:01:03.490093+00:00,Berlin,22.17,44,broken clouds
2026-07-21T14:01:03.490093+00:00,London,23.36,53,scattered clouds
2026-07-21T16:24:49.412539+00:00,Istanbul,30.31,91,clear sky
2026-07-21T16:24:49.412539+00:00,Ankara,30.11,21,clear sky
2026-07-21T16:24:49.412539+00:00,İzmir,35.73,28,clear sky
2026-07-21T16:24:49.412539+00:00,Berlin,22.8,37,overcast clouds
2026-07-21T16:24:49.412539+00:00,London,24.08,53,scattered clouds
2026-07-21T18:17:17.670155+00:00,Istanbul,28.12,100,clear sky
2026-07-21T18:17:17.670155+00:00,Ankara,26.78,32,clear sky
2026-07-21T18:17:17.670155+00:00,İzmir,31.29,39,clear sky
2026-07-21T18:17:17.670155+00:00,Berlin,20.97,39,overcast clouds
2026-07-21T18:17:17.670155+00:00,London,23.26,56,scattered clouds
2026-07-21T20:20:00.124139+00:00,Istanbul,27.05,100,clear sky
2026-07-21T20:20:00.124139+00:00,Ankara,22.36,38,clear sky
2026-07-21T20:20:00.124139+00:00,İzmir,30.73,41,clear sky
2026-07-21T20:20:00.124139+00:00,Berlin,17.83,52,overcast clouds
2026-07-21T20:20:00.124139+00:00,London,20.7,64,few clouds
2026-07-21T22:06:02.183117+00:00,Istanbul,24.82,100,clear sky
2026-07-21T22:06:02.183117+00:00,Ankara,20.69,48,clear sky
2026-07-21T22:06:02.183117+00:00,İzmir,28.51,37,clear sky
2026-07-21T22:06:02.183117+00:00,Berlin,15.64,68,scattered clouds
2026-07-21T22:06:02.183117+00:00,London,18.81,70,broken clouds
2026-07-21T23:57:36.304852+00:00,Istanbul,24.08,100,clear sky
2026-07-21T23:57:36.304852+00:00,Ankara,19.58,53,clear sky
2026-07-21T23:57:36.304852+00:00,İzmir,27.4,53,clear sky
2026-07-21T23:57:36.304852+00:00,Berlin,15.56,59,scattered clouds
2026-07-21T23:57:36.304852+00:00,London,17.26,74,scattered clouds
2026-07-22T03:33:13.648480+00:00,Istanbul,22.97,100,clear sky
2026-07-22T03:33:13.648480+00:00,Ankara,19.56,53,clear sky
2026-07-22T03:33:13.648480+00:00,İzmir,26.29,53,clear sky
2026-07-22T03:33:13.648480+00:00,Berlin,13.51,74,scattered clouds
2026-07-22T03:33:13.648480+00:00,London,15.11,82,scattered clouds
2026-07-22T06:32:06.359838+00:00,Istanbul,26.86,100,clear sky
2026-07-22T06:32:06.359838+00:00,Ankara,24.0,46,clear sky
2026-07-22T06:32:06.359838+00:00,İzmir,31.29,25,clear sky
2026-07-22T06:32:06.359838+00:00,Berlin,15.34,81,overcast clouds
2026-07-22T06:32:06.359838+00:00,London,16.69,81,scattered clouds
2026-07-22T09:28:58.919246+00:00,Istanbul,27.39,100,clear sky
2026-07-22T09:28:58.919246+00:00,Ankara,27.89,37,clear sky
2026-07-22T09:28:58.919246+00:00,İzmir,35.73,20,clear sky
2026-07-22T09:28:58.919246+00:00,Berlin,16.89,74,light rain
2026-07-22T09:28:58.919246+00:00,London,22.06,62,overcast clouds
2026-07-22T11:49:46.539653+00:00,Istanbul,27.95,100,clear sky
2026-07-22T11:49:46.539653+00:00,Ankara,29.56,29,clear sky
2026-07-22T11:49:46.539653+00:00,İzmir,37.4,15,clear sky
2026-07-22T11:49:46.539653+00:00,Berlin,17.91,71,overcast clouds
2026-07-22T11:49:46.539653+00:00,London,24.26,56,overcast clouds
2026-07-22T14:04:04.678568+00:00,Istanbul,32.42,35,clear sky
2026-07-22T14:04:04.678568+00:00,Ankara,31.23,25,clear sky
2026-07-22T14:04:04.678568+00:00,İzmir,38.51,15,clear sky
2026-07-22T14:04:04.678568+00:00,Berlin,19.48,70,overcast clouds
2026-07-22T14:04:04.678568+00:00,London,25.9,48,overcast clouds
2026-07-22T16:21:18.380423+00:00,Istanbul,27.42,100,clear sky
2026-07-22T16:21:18.380423+00:00,Ankara,30.67,26,clear sky
2026-07-22T16:21:18.380423+00:00,İzmir,36.29,22,clear sky
2026-07-22T16:21:18.380423+00:00,Berlin,19.18,71,broken clouds
2026-07-22T16:21:18.380423+00:00,London,26.37,46,overcast clouds
2026-07-22T18:09:59.521027+00:00,Istanbul,25.23,100,clear sky
2026-07-22T18:09:59.521027+00:00,Ankara,25.13,34,clear sky
2026-07-22T18:09:59.521027+00:00,İzmir,32.4,54,clear sky
2026-07-22T18:09:59.521027+00:00,Berlin,17.53,86,broken clouds
2026-07-22T18:09:59.521027+00:00,London,24.53,53,overcast clouds
2026-07-22T20:17:40.601698+00:00,Istanbul,24.47,100,clear sky
2026-07-22T20:17:40.601698+00:00,Ankara,24.58,39,clear sky
2026-07-22T20:17:40.601698+00:00,İzmir,29.62,63,clear sky
2026-07-22T20:17:40.601698+00:00,Berlin,16.22,83,few clouds
2026-07-22T20:17:40.601698+00:00,London,21.43,64,overcast clouds
2026-07-22T22:06:42.042900+00:00,Istanbul,24.12,100,clear sky
2026-07-22T22:06:42.042900+00:00,Ankara,24.0,48,clear sky
2026-07-22T22:06:42.042900+00:00,İzmir,26.29,54,few clouds
2026-07-22T22:06:42.042900+00:00,Berlin,15.68,84,few clouds
2026-07-22T22:06:42.042900+00:00,London,19.18,71,overcast clouds
2026-07-23T00:02:53.711416+00:00,Istanbul,24.12,100,scattered clouds
2026-07-23T00:02:53.711416+00:00,Ankara,20.69,62,clear sky
2026-07-23T00:02:53.711416+00:00,İzmir,26.29,62,few clouds
2026-07-23T00:02:53.711416+00:00,Berlin,14.58,91,few clouds
2026-07-23T00:02:53.711416+00:00,London,18.35,75,overcast clouds
2026-07-23T04:17:20.191108+00:00,Istanbul,20.09,87,scattered clouds
2026-07-23T04:17:20.191108+00:00,Ankara,21.78,56,clear sky
2026-07-23T04:17:20.191108+00:00,İzmir,24.16,72,clear sky
2026-07-23T04:17:20.191108+00:00,Berlin,14.1,90,broken clouds
2026-07-23T04:17:20.191108+00:00,London,15.32,83,overcast clouds
2026-07-23T07:34:40.193883+00:00,Istanbul,23.42,58,scattered clouds
2026-07-23T07:34:40.193883+00:00,Ankara,24.56,49,few clouds
2026-07-23T07:34:40.193883+00:00,İzmir,30.73,41,clear sky
2026-07-23T07:34:40.193883+00:00,Berlin,15.8,86,broken clouds
2026-07-23T07:34:40.193883+00:00,London,19.02,76,overcast clouds
2026-07-23T10:26:25.509524+00:00,Istanbul,26.86,100,scattered clouds
2026-07-23T10:26:25.509524+00:00,Ankara,27.89,45,scattered clouds
2026-07-23T10:26:25.509524+00:00,İzmir,32.4,40,clear sky
2026-07-23T10:26:25.509524+00:00,Berlin,18.83,73,broken clouds
2026-07-23T10:26:25.509524+00:00,London,24.4,51,overcast clouds
2026-07-23T12:25:18.212528+00:00,Istanbul,26.0,100,scattered clouds
2026-07-23T12:25:18.212528+00:00,Ankara,28.45,40,scattered clouds
2026-07-23T12:25:18.212528+00:00,İzmir,33.51,24,clear sky
2026-07-23T12:25:18.212528+00:00,Berlin,21.59,60,light rain
2026-07-23T12:25:18.212528+00:00,London,25.48,46,overcast clouds
2026-07-23T15:11:25.310810+00:00,Istanbul,26.15,95,clear sky
2026-07-23T15:11:25.310810+00:00,Ankara,28.45,36,few clouds
2026-07-23T15:11:25.310810+00:00,İzmir,30.73,23,clear sky
2026-07-23T15:11:25.310810+00:00,Berlin,20.48,63,overcast clouds
2026-07-23T15:11:25.310810+00:00,London,26.05,45,overcast clouds
2026-07-23T17:26:17.321116+00:00,Istanbul,23.71,100,clear sky
2026-07-23T17:26:17.321116+00:00,Ankara,24.0,46,clear sky
2026-07-23T17:26:17.321116+00:00,İzmir,29.62,32,clear sky
2026-07-23T17:26:17.321116+00:00,Berlin,19.15,74,light rain
2026-07-23T17:26:17.321116+00:00,London,26.84,44,overcast clouds
2026-07-23T19:23:42.512366+00:00,Istanbul,22.6,100,clear sky
2026-07-23T19:23:42.512366+00:00,Ankara,20.67,52,clear sky
2026-07-23T19:23:42.512366+00:00,İzmir,24.62,56,clear sky
2026-07-23T19:23:42.512366+00:00,Berlin,16.63,76,scattered clouds
2026-07-23T19:23:42.512366+00:00,London,25.42,47,overcast clouds
2026-07-23T21:07:49.111700+00:00,Istanbul,22.25,100,clear sky
2026-07-23T21:07:49.111700+00:00,Ankara,19.0,53,clear sky
2026-07-23T21:07:49.111700+00:00,İzmir,17.89,65,clear sky
2026-07-23T21:07:49.111700+00:00,Berlin,15.61,76,scattered clouds
2026-07-23T21:07:49.111700+00:00,London,22.37,59,overcast clouds
2026-07-23T22:59:29.662786+00:00,Istanbul,21.49,100,clear sky
2026-07-23T22:59:29.662786+00:00,Ankara,17.89,55,clear sky
2026-07-23T22:59:29.662786+00:00,İzmir,18.4,61,clear sky
2026-07-23T22:59:29.662786+00:00,Berlin,15.02,73,scattered clouds
2026-07-23T22:59:29.662786+00:00,London,21.02,65,overcast clouds
2026-07-24T00:06:59.062248+00:00,Istanbul,21.14,100,clear sky
2026-07-24T00:06:59.062248+00:00,Ankara,17.34,59,clear sky
2026-07-24T00:06:59.062248+00:00,İzmir,19.18,65,clear sky
2026-07-24T00:06:59.062248+00:00,Berlin,13.16,79,scattered clouds
2026-07-24T00:06:59.062248+00:00,London,19.79,69,overcast clouds
2026-07-24T04:18:12.253837+00:00,Istanbul,20.09,100,clear sky
2026-07-24T04:18:12.253837+00:00,Ankara,16.23,66,clear sky
2026-07-24T04:18:12.253837+00:00,İzmir,21.0,65,clear sky
2026-07-24T04:18:12.253837+00:00,Berlin,11.32,83,overcast clouds
2026-07-24T04:18:12.253837+00:00,London,17.41,75,overcast clouds
2026-07-24T07:34:32.328973+00:00,Istanbul,26.31,100,scattered clouds
2026-07-24T07:34:32.328973+00:00,Ankara,21.78,53,broken clouds
2026-07-24T07:34:32.328973+00:00,İzmir,26.29,39,clear sky
2026-07-24T07:34:32.328973+00:00,Berlin,16.14,76,broken clouds
2026-07-24T07:34:32.328973+00:00,London,19.77,67,overcast clouds
2026-07-24T10:22:44.915731+00:00,Istanbul,25.44,100,few clouds
2026-07-24T10:22:44.915731+00:00,Ankara,25.11,44,broken clouds
2026-07-24T10:22:44.915731+00:00,İzmir,30.73,24,clear sky
2026-07-24T10:22:44.915731+00:00,Berlin,20.73,57,scattered clouds
2026-07-24T10:22:44.915731+00:00,London,24.73,54,overcast clouds
2026-07-24T12:22:07.862135+00:00,Istanbul,26.57,84,scattered clouds
2026-07-24T12:22:07.862135+00:00,Ankara,26.23,42,broken clouds
2026-07-24T12:22:07.862135+00:00,İzmir,31.29,22,clear sky
2026-07-24T12:22:07.862135+00:00,Berlin,22.35,52,few clouds
2026-07-24T12:22:07.862135+00:00,London,27.26,45,overcast clouds
2026-07-24T14:59:00.935268+00:00,Istanbul,26.24,92,overcast clouds
2026-07-24T14:59:00.935268+00:00,Ankara,27.34,42,clear sky
2026-07-24T14:59:00.935268+00:00,İzmir,29.62,22,broken clouds
2026-07-24T14:59:00.935268+00:00,Berlin,23.14,47,clear sky
2026-07-24T14:59:00.935268+00:00,London,28.08,41,overcast clouds
2026-07-24T16:51:16.238619+00:00,Istanbul,24.08,100,overcast clouds
2026-07-24T16:51:16.238619+00:00,Ankara,25.67,45,few clouds
2026-07-24T16:51:16.238619+00:00,İzmir,27.4,39,broken clouds
2026-07-24T16:51:16.238619+00:00,Berlin,21.61,47,few clouds
2026-07-24T16:51:16.238619+00:00,London,28.63,40,overcast clouds
2026-07-24T18:21:13.254074+00:00,Istanbul,23.32,100,overcast clouds
2026-07-24T18:21:13.254074+00:00,Ankara,20.67,75,light rain
2026-07-24T18:21:13.254074+00:00,İzmir,26.29,58,broken clouds
2026-07-24T18:21:13.254074+00:00,Berlin,20.79,50,scattered clouds
2026-07-24T18:21:13.254074+00:00,London,27.95,41,overcast clouds
2026-07-24T20:22:55.053081+00:00,Istanbul,22.6,100,broken clouds
2026-07-24T20:22:55.053081+00:00,Ankara,17.89,86,overcast clouds
2026-07-24T20:22:55.053081+00:00,İzmir,22.21,63,broken clouds
2026-07-24T20:22:55.053081+00:00,Berlin,17.19,66,overcast clouds
2026-07-24T20:22:55.053081+00:00,London,25.11,51,overcast clouds
2026-07-24T22:08:15.414419+00:00,Istanbul,22.6,100,scattered clouds
2026-07-24T22:08:15.414419+00:00,Ankara,17.89,83,light rain
2026-07-24T22:08:15.414419+00:00,İzmir,24.62,64,broken clouds
2026-07-24T22:08:15.414419+00:00,Berlin,15.32,81,broken clouds
2026-07-24T22:08:15.414419+00:00,London,22.9,53,overcast clouds
2026-07-25T00:07:30.523394+00:00,Istanbul,22.25,100,scattered clouds
2026-07-25T00:07:30.523394+00:00,Ankara,17.89,84,light rain
2026-07-25T00:07:30.523394+00:00,İzmir,23.51,65,broken clouds
2026-07-25T00:07:30.523394+00:00,Berlin,14.86,72,broken clouds
2026-07-25T00:07:30.523394+00:00,London,20.63,59,overcast clouds
2026-07-25T04:13:57.943912+00:00,Istanbul,20.72,100,overcast clouds
2026-07-25T04:13:57.943912+00:00,Ankara,14.56,88,moderate rain
2026-07-25T04:13:57.943912+00:00,İzmir,22.4,57,overcast clouds
2026-07-25T04:13:57.943912+00:00,Berlin,13.73,67,broken clouds
2026-07-25T04:13:57.943912+00:00,London,15.88,76,broken clouds
2026-07-25T07:21:03.151853+00:00,Istanbul,21.06,100,overcast clouds
2026-07-25T07:21:03.151853+00:00,Ankara,14.56,95,light rain
2026-07-25T07:21:03.151853+00:00,İzmir,26.29,43,scattered clouds
2026-07-25T07:21:03.151853+00:00,Berlin,18.22,66,overcast clouds
2026-07-25T07:21:03.151853+00:00,London,18.89,67,clear sky
2026-07-25T09:52:08.093001+00:00,Istanbul,25.0,100,light rain
2026-07-25T09:52:08.093001+00:00,Ankara,19.58,48,light rain
2026-07-25T09:52:08.093001+00:00,İzmir,27.4,31,scattered clouds
2026-07-25T09:52:08.093001+00:00,Berlin,25.98,43,broken clouds
2026-07-25T09:52:08.093001+00:00,London,23.48,52,scattered clouds
2026-07-25T11:14:08.376222+00:00,Istanbul,25.2,100,light rain
2026-07-25T11:14:08.376222+00:00,Ankara,19.8,41,light rain
2026-07-25T11:14:08.376222+00:00,İzmir,28.51,33,broken clouds
2026-07-25T11:14:08.376222+00:00,Berlin,27.07,39,scattered clouds
2026-07-25T11:14:08.376222+00:00,London,25.11,45,scattered clouds
2026-07-25T13:42:24.091924+00:00,Istanbul,25.2,100,overcast clouds
2026-07-25T13:42:24.091924+00:00,Ankara,18.47,85,overcast clouds
2026-07-25T13:42:24.091924+00:00,İzmir,29.62,27,broken clouds
2026-07-25T13:42:24.091924+00:00,Berlin,29.19,30,clear sky
2026-07-25T13:42:24.091924+00:00,London,28.1,36,broken clouds
2026-07-25T15:06:24.831497+00:00,Istanbul,21.62,100,overcast clouds
2026-07-25T15:06:24.831497+00:00,Ankara,16.25,86,overcast clouds
2026-07-25T15:06:24.831497+00:00,İzmir,28.51,29,scattered clouds
2026-07-25T15:06:24.831497+00:00,Berlin,28.38,33,few clouds
2026-07-25T15:06:24.831497+00:00,London,28.55,35,broken clouds
2026-07-25T17:03:02.943105+00:00,Istanbul,21.06,100,overcast clouds
2026-07-25T17:03:02.943105+00:00,Ankara,15.67,86,light rain
2026-07-25T17:03:02.943105+00:00,İzmir,26.29,37,scattered clouds
2026-07-25T17:03:02.943105+00:00,Berlin,27.98,33,scattered clouds
2026-07-25T17:03:02.943105+00:00,London,28.6,39,broken clouds
2026-07-25T19:13:08.352324+00:00,Istanbul,19.39,100,overcast clouds
2026-07-25T19:13:08.352324+00:00,Ankara,15.67,80,overcast clouds
2026-07-25T19:13:08.352324+00:00,İzmir,23.51,48,clear sky
2026-07-25T19:13:08.352324+00:00,Berlin,23.43,52,scattered clouds
2026-07-25T19:13:08.352324+00:00,London,25.05,50,overcast clouds
2026-07-25T20:56:30.644756+00:00,Istanbul,18.84,100,overcast clouds
2026-07-25T20:56:30.644756+00:00,Ankara,15.11,80,overcast clouds
2026-07-25T20:56:30.644756+00:00,İzmir,20.9,51,clear sky
2026-07-25T20:56:30.644756+00:00,Berlin,20.84,62,clear sky
2026-07-25T20:56:30.644756+00:00,London,22.45,53,overcast clouds
2026-07-25T22:02:04.141649+00:00,Istanbul,18.84,100,broken clouds
2026-07-25T22:02:04.141649+00:00,Ankara,15.11,80,overcast clouds
2026-07-25T22:02:04.141649+00:00,İzmir,21.29,53,clear sky
2026-07-25T22:02:04.141649+00:00,Berlin,20.17,69,clear sky
2026-07-25T22:02:04.141649+00:00,London,20.55,62,overcast clouds
2026-07-26T00:02:28.752634+00:00,Istanbul,18.84,100,scattered clouds
2026-07-26T00:02:28.752634+00:00,Ankara,14.56,79,overcast clouds
2026-07-26T00:02:28.752634+00:00,İzmir,20.5,58,clear sky
2026-07-26T00:02:28.752634+00:00,Berlin,18.54,77,few clouds
2026-07-26T00:02:28.752634+00:00,London,19.68,69,overcast clouds
2026-07-26T04:28:29.283593+00:00,Istanbul,21.06,100,clear sky
2026-07-26T04:28:29.283593+00:00,Ankara,15.11,80,broken clouds
2026-07-26T04:28:29.283593+00:00,İzmir,20.98,63,clear sky
2026-07-26T04:28:29.283593+00:00,Berlin,17.51,74,overcast clouds
2026-07-26T04:28:29.283593+00:00,London,18.47,79,scattered clouds
2026-07-26T07:37:12.837166+00:00,Istanbul,24.64,100,clear sky
2026-07-26T07:37:12.837166+00:00,Ankara,19.56,59,clear sky
2026-07-26T07:37:12.837166+00:00,İzmir,27.4,29,clear sky
2026-07-26T07:37:12.837166+00:00,Berlin,21.46,58,overcast clouds
2026-07-26T07:37:12.837166+00:00,London,20.05,80,overcast clouds
2026-07-26T10:03:17.317428+00:00,Istanbul,24.64,100,clear sky
2026-07-26T10:03:17.317428+00:00,Ankara,21.78,48,clear sky
2026-07-26T10:03:17.317428+00:00,İzmir,29.62,21,clear sky
2026-07-26T10:03:17.317428+00:00,Berlin,24.53,57,overcast clouds
2026-07-26T10:03:17.317428+00:00,London,23.06,66,overcast clouds
2026-07-26T12:05:46.457486+00:00,Istanbul,25.2,100,few clouds
2026-07-26T12:05:46.457486+00:00,Ankara,23.45,42,clear sky
2026-07-26T12:05:46.457486+00:00,İzmir,30.73,21,clear sky
2026-07-26T12:05:46.457486+00:00,Berlin,25.79,48,overcast clouds
2026-07-26T12:05:46.457486+00:00,London,24.79,52,overcast clouds
2026-07-26T14:38:21.108486+00:00,Istanbul,25.88,90,clear sky
2026-07-26T14:38:21.108486+00:00,Ankara,24.56,33,scattered clouds
2026-07-26T14:38:21.108486+00:00,İzmir,30.73,23,clear sky
2026-07-26T14:38:21.108486+00:00,Berlin,21.05,84,moderate rain
2026-07-26T14:38:21.108486+00:00,London,25.88,43,broken clouds
2026-07-26T16:04:12.012716+00:00,Istanbul,25.33,93,clear sky
2026-07-26T16:04:12.012716+00:00,Ankara,25.11,33,scattered clouds
2026-07-26T16:04:12.012716+00:00,İzmir,29.62,26,clear sky
2026-07-26T16:04:12.012716+00:00,Berlin,20.45,84,overcast clouds
2026-07-26T16:04:12.012716+00:00,London,25.51,41,broken clouds
2026-07-26T18:02:46.296744+00:00,Istanbul,25.22,96,clear sky
2026-07-26T18:02:46.296744+00:00,Ankara,21.23,51,few clouds
2026-07-26T18:02:46.296744+00:00,İzmir,26.29,42,clear sky
2026-07-26T18:02:46.296744+00:00,Berlin,19.84,77,moderate rain
2026-07-26T18:02:46.296744+00:00,London,23.99,45,scattered clouds
2026-07-26T20:11:26.973157+00:00,Istanbul,25.07,100,clear sky
2026-07-26T20:11:26.973157+00:00,Ankara,19.0,59,clear sky
2026-07-26T20:11:26.973157+00:00,İzmir,24.77,59,clear sky
2026-07-26T20:11:26.973157+00:00,Berlin,19.04,80,overcast clouds
2026-07-26T20:11:26.973157+00:00,London,21.16,52,scattered clouds
2026-07-26T22:01:21.714412+00:00,Istanbul,22.73,100,clear sky
2026-07-26T22:01:21.714412+00:00,Ankara,17.34,66,clear sky
2026-07-26T22:01:21.714412+00:00,İzmir,23.86,60,clear sky
2026-07-26T22:01:21.714412+00:00,Berlin,17.38,94,light rain
2026-07-26T22:01:21.714412+00:00,London,19.14,58,few clouds
2026-07-27T00:03:00.308931+00:00,Istanbul,21.62,100,clear sky
2026-07-27T00:03:00.308931+00:00,Ankara,16.23,70,clear sky
2026-07-27T00:03:00.308931+00:00,İzmir,22.4,51,clear sky
2026-07-27T00:03:00.308931+00:00,Berlin,16.78,96,heavy intensity rain
2026-07-27T00:03:00.308931+00:00,London,17.84,66,few clouds
2026-07-27T04:39:06.256581+00:00,Istanbul,25.2,100,clear sky
2026-07-27T04:39:06.256581+00:00,Ankara,16.23,69,clear sky
2026-07-27T04:39:06.256581+00:00,İzmir,21.29,40,clear sky
2026-07-27T04:39:06.256581+00:00,Berlin,15.62,95,broken clouds
2026-07-27T04:39:06.256581+00:00,London,15.82,76,clear sky
2026-07-27T08:34:01.410334+00:00,Istanbul,25.2,100,clear sky
2026-07-27T08:34:01.410334+00:00,Ankara,22.89,45,clear sky
2026-07-27T08:34:01.410334+00:00,İzmir,30.73,20,clear sky
2026-07-27T08:34:01.410334+00:00,Berlin,18.22,75,overcast clouds
2026-07-27T08:34:01.410334+00:00,London,19.82,59,clear sky
2026-07-27T12:27:35.358367+00:00,Istanbul,27.31,29,clear sky
2026-07-27T12:27:35.358367+00:00,Ankara,26.78,35,clear sky
2026-07-27T12:27:35.358367+00:00,İzmir,35.73,17,clear sky
2026-07-27T12:27:35.358367+00:00,Berlin,22.33,53,broken clouds
2026-07-27T12:27:35.358367+00:00,London,23.72,45,clear sky
2026-07-27T15:44:35.745370+00:00,Istanbul,29.51,26,clear sky
2026-07-27T15:44:35.745370+00:00,Ankara,27.89,27,clear sky
2026-07-27T15:44:35.745370+00:00,İzmir,34.62,17,clear sky
2026-07-27T15:44:35.745370+00:00,Berlin,21.16,55,overcast clouds
2026-07-27T15:44:35.745370+00:00,London,27.26,38,clear sky
2026-07-27T17:45:16.543430+00:00,Istanbul,27.19,69,clear sky
2026-07-27T17:45:16.543430+00:00,Ankara,25.11,38,clear sky
2026-07-27T17:45:16.543430+00:00,İzmir,31.29,47,clear sky
2026-07-27T17:45:16.543430+00:00,Berlin,19.29,62,overcast clouds
2026-07-27T17:45:16.543430+00:00,London,27.13,41,few clouds
2026-07-27T19:39:54.237493+00:00,Istanbul,26.71,75,clear sky
2026-07-27T19:39:54.237493+00:00,Ankara,24.56,39,clear sky
2026-07-27T19:39:54.237493+00:00,İzmir,27.4,50,clear sky
2026-07-27T19:39:54.237493+00:00,Berlin,17.91,69,broken clouds
2026-07-27T19:39:54.237493+00:00,London,25.06,48,few clouds
2026-07-27T21:14:47.342009+00:00,Istanbul,25.22,60,clear sky
2026-07-27T21:14:47.342009+00:00,Ankara,23.45,43,clear sky
2026-07-27T21:14:47.342009+00:00,İzmir,26.29,63,clear sky
2026-07-27T21:14:47.342009+00:00,Berlin,16.53,68,scattered clouds
2026-07-27T21:14:47.342009+00:00,London,23.21,58,broken clouds
2026-07-27T23:05:56.775263+00:00,Istanbul,25.18,63,clear sky
2026-07-27T23:05:56.775263+00:00,Ankara,21.23,49,clear sky
2026-07-27T23:05:56.775263+00:00,İzmir,23.51,54,clear sky
2026-07-27T23:05:56.775263+00:00,Berlin,14.97,69,scattered clouds
2026-07-27T23:05:56.775263+00:00,London,21.07,70,scattered clouds
2026-07-28T02:47:28.055597+00:00,Istanbul,25.9,82,clear sky
2026-07-28T02:47:28.055597+00:00,Ankara,19.56,57,clear sky
2026-07-28T02:47:28.055597+00:00,İzmir,22.4,46,clear sky
2026-07-28T02:47:28.055597+00:00,Berlin,11.37,91,clear sky
2026-07-28T02:47:28.055597+00:00,London,18.69,81,scattered clouds
2026-07-28T05:50:31.753554+00:00,Istanbul,25.75,68,clear sky
2026-07-28T05:50:31.753554+00:00,Ankara,21.78,57,clear sky
2026-07-28T05:50:31.753554+00:00,İzmir,25.73,33,clear sky
2026-07-28T05:50:31.753554+00:00,Berlin,14.15,85,clear sky
2026-07-28T05:50:31.753554+00:00,London,18.17,84,scattered clouds
2026-07-28T08:40:00.835470+00:00,Istanbul,26.31,72,clear sky
2026-07-28T08:40:00.835470+00:00,Ankara,27.34,34,clear sky
2026-07-28T08:40:00.835470+00:00,İzmir,33.51,22,clear sky
2026-07-28T08:40:00.835470+00:00,Berlin,19.64,62,clear sky
2026-07-28T08:40:00.835470+00:00,London,21.76,75,overcast clouds
2026-07-28T11:21:31.806341+00:00,Istanbul,29.99,100,clear sky
2026-07-28T11:21:31.806341+00:00,Ankara,30.11,29,clear sky
2026-07-28T11:21:31.806341+00:00,İzmir,35.73,19,clear sky
2026-07-28T11:21:31.806341+00:00,Berlin,22.34,50,clear sky
2026-07-28T11:21:31.806341+00:00,London,26.33,59,overcast clouds
2026-07-28T14:17:06.971884+00:00,Istanbul,30.03,99,clear sky
2026-07-28T14:17:06.971884+00:00,Ankara,29.0,33,few clouds
2026-07-28T14:17:06.971884+00:00,İzmir,35.73,19,clear sky
2026-07-28T14:17:06.971884+00:00,Berlin,23.14,52,scattered clouds
2026-07-28T14:17:06.971884+00:00,London,29.49,48,scattered clouds
2026-07-28T16:43:19.373645+00:00,Istanbul,25.95,75,clear sky
2026-07-28T16:43:19.373645+00:00,Ankara,26.78,40,scattered clouds
2026-07-28T16:43:19.373645+00:00,İzmir,34.62,25,clear sky
2026-07-28T16:43:19.373645+00:00,Berlin,23.73,49,broken clouds
2026-07-28T16:43:19.373645+00:00,London,29.06,48,broken clouds
2026-07-28T18:17:28.531652+00:00,Istanbul,26.16,88,clear sky
2026-07-28T18:17:28.531652+00:00,Ankara,24.0,47,scattered clouds
2026-07-28T18:17:28.531652+00:00,İzmir,32.4,32,clear sky
2026-07-28T18:17:28.531652+00:00,Berlin,22.49,54,broken clouds
2026-07-28T18:17:28.531652+00:00,London,28.61,50,broken clouds
2026-07-28T20:17:50.102057+00:00,Istanbul,25.69,78,clear sky
2026-07-28T20:17:50.102057+00:00,Ankara,22.34,53,clear sky
2026-07-28T20:17:50.102057+00:00,İzmir,23.89,58,clear sky
2026-07-28T20:17:50.102057+00:00,Berlin,18.8,65,broken clouds
2026-07-28T20:17:50.102057+00:00,London,25.49,62,broken clouds
2026-07-28T22:07:30.871485+00:00,Istanbul,25.66,78,clear sky
2026-07-28T22:07:30.871485+00:00,Ankara,21.23,57,clear sky
2026-07-28T22:07:30.871485+00:00,İzmir,23.39,64,clear sky
2026-07-28T22:07:30.871485+00:00,Berlin,17.53,67,broken clouds
2026-07-28T22:07:30.871485+00:00,London,23.25,68,broken clouds
2026-07-29T00:00:27.236037+00:00,Istanbul,25.41,100,clear sky
2026-07-29T00:00:27.236037+00:00,Ankara,20.11,63,clear sky
2026-07-29T00:00:27.236037+00:00,İzmir,24.08,59,clear sky
2026-07-29T00:00:27.236037+00:00,Berlin,17.3,65,broken clouds
2026-07-29T00:00:27.236037+00:00,London,21.31,72,scattered clouds
2026-07-29T04:14:06.444537+00:00,Istanbul,22.73,100,clear sky
2026-07-29T04:14:06.444537+00:00,Ankara,18.45,64,clear sky
2026-07-29T04:14:06.444537+00:00,İzmir,22.2,59,clear sky
2026-07-29T04:14:06.444537+00:00,Berlin,15.35,75,broken clouds
2026-07-29T04:14:06.444537+00:00,London,16.98,83,clear sky
2026-07-29T07:45:07.555501+00:00,Istanbul,25.73,57,clear sky
2026-07-29T07:45:07.555501+00:00,Ankara,22.34,44,clear sky
2026-07-29T07:45:07.555501+00:00,İzmir,32.4,39,clear sky
2026-07-29T07:45:07.555501+00:00,Berlin,22.59,55,overcast clouds
2026-07-29T07:45:07.555501+00:00,London,23.73,62,clear sky
2026-07-29T10:42:21.197263+00:00,Istanbul,29.2,100,clear sky
2026-07-29T10:42:21.197263+00:00,Ankara,26.78,32,clear sky
2026-07-29T10:42:21.197263+00:00,İzmir,34.62,15,clear sky
2026-07-29T10:42:21.197263+00:00,Berlin,25.9,46,overcast clouds
2026-07-29T10:42:21.197263+00:00,London,29.7,45,clear sky
2026-07-29T13:02:31.747518+00:00,Istanbul,28.92,85,clear sky
2026-07-29T13:02:31.747518+00:00,Ankara,27.89,30,clear sky
2026-07-29T13:02:31.747518+00:00,İzmir,35.73,11,clear sky
2026-07-29T13:02:31.747518+00:00,Berlin,29.39,38,few clouds
2026-07-29T13:02:31.747518+00:00,London,33.63,33,broken clouds
2026-07-29T15:50:22.406815+00:00,Istanbul,25.84,61,clear sky
2026-07-29T15:50:22.406815+00:00,Ankara,26.23,33,clear sky
2026-07-29T15:50:22.406815+00:00,İzmir,34.62,18,clear sky
2026-07-29T15:50:22.406815+00:00,Berlin,30.01,38,scattered clouds
2026-07-29T15:50:22.406815+00:00,London,33.57,31,few clouds
2026-07-29T17:18:24.709215+00:00,Istanbul,25.53,71,clear sky
2026-07-29T17:18:24.709215+00:00,Ankara,24.56,37,clear sky
2026-07-29T17:18:24.709215+00:00,İzmir,31.29,22,clear sky
2026-07-29T17:18:24.709215+00:00,Berlin,29.27,37,scattered clouds
2026-07-29T17:18:24.709215+00:00,London,32.59,32,few clouds
2026-07-29T19:22:04.951684+00:00,Istanbul,23.32,100,clear sky
2026-07-29T19:22:04.951684+00:00,Ankara,20.67,50,clear sky
2026-07-29T19:22:04.951684+00:00,İzmir,21.07,46,clear sky
2026-07-29T19:22:04.951684+00:00,Berlin,25.8,45,broken clouds
2026-07-29T19:22:04.951684+00:00,London,29.26,41,clear sky
2026-07-29T21:00:00.881370+00:00,Istanbul,22.6,100,clear sky
2026-07-29T21:00:00.881370+00:00,Ankara,18.45,57,clear sky
2026-07-29T21:00:00.881370+00:00,İzmir,19.17,44,clear sky
2026-07-29T21:00:00.881370+00:00,Berlin,23.95,50,scattered clouds
2026-07-29T21:00:00.881370+00:00,London,26.28,54,clear sky
2026-07-29T22:08:10.288852+00:00,Istanbul,22.21,100,clear sky
2026-07-29T22:08:10.288852+00:00,Ankara,16.78,65,clear sky
2026-07-29T22:08:10.288852+00:00,İzmir,18.48,49,clear sky
2026-07-29T22:08:10.288852+00:00,Berlin,23.04,53,few clouds
2026-07-29T22:08:10.288852+00:00,London,24.23,60,clear sky
2026-07-30T00:03:20.873442+00:00,Istanbul,21.49,100,clear sky
2026-07-30T00:03:20.873442+00:00,Ankara,15.11,71,clear sky
2026-07-30T00:03:20.873442+00:00,İzmir,18.01,54,clear sky
2026-07-30T00:03:20.873442+00:00,Berlin,21.29,60,few clouds
2026-07-30T00:03:20.873442+00:00,London,22.37,65,clear sky
2026-07-30T04:08:39.617633+00:00,Istanbul,21.1,100,clear sky
2026-07-30T04:08:39.617633+00:00,Ankara,14.0,70,clear sky
2026-07-30T04:08:39.617633+00:00,İzmir,18.6,62,clear sky
2026-07-30T04:08:39.617633+00:00,Berlin,19.1,66,clear sky
2026-07-30T04:08:39.617633+00:00,London,19.03,75,clear sky
2026-07-30T07:36:39.369299+00:00,Istanbul,25.8,56,clear sky
2026-07-30T07:36:39.369299+00:00,Ankara,19.56,54,clear sky
2026-07-30T07:36:39.369299+00:00,İzmir,28.51,25,clear sky
2026-07-30T07:36:39.369299+00:00,Berlin,25.69,55,clear sky
2026-07-30T07:36:39.369299+00:00,London,20.65,73,overcast clouds
2026-07-30T10:28:29.202892+00:00,Istanbul,25.73,53,clear sky
2026-07-30T10:28:29.202892+00:00,Ankara,23.45,43,clear sky
2026-07-30T10:28:29.202892+00:00,İzmir,32.4,18,clear sky
2026-07-30T10:28:29.202892+00:00,Berlin,33.95,38,clear sky
2026-07-30T10:28:29.202892+00:00,London,25.08,58,overcast clouds
2026-07-30T12:47:16.818699+00:00,Istanbul,25.57,64,clear sky
2026-07-30T12:47:16.818699+00:00,Ankara,25.67,37,clear sky
2026-07-30T12:47:16.818699+00:00,İzmir,35.73,10,clear sky
2026-07-30T12:47:16.818699+00:00,Berlin,37.11,26,clear sky
2026-07-30T12:47:16.818699+00:00,London,26.13,52,overcast clouds
2026-07-30T15:13:24.700735+00:00,Istanbul,25.25,71,clear sky
2026-07-30T15:13:24.700735+00:00,Ankara,26.23,37,clear sky
2026-07-30T15:13:24.700735+00:00,İzmir,35.73,8,clear sky
2026-07-30T15:13:24.700735+00:00,Berlin,38.26,23,clear sky
2026-07-30T15:13:24.700735+00:00,London,27.66,46,broken clouds
2026-07-30T17:39:09.919324+00:00,Istanbul,24.77,71,clear sky
2026-07-30T17:39:09.919324+00:00,Ankara,21.78,51,clear sky
2026-07-30T17:39:09.919324+00:00,İzmir,30.73,45,clear sky
2026-07-30T17:39:09.919324+00:00,Berlin,33.75,31,few clouds
2026-07-30T17:39:09.919324+00:00,London,25.58,54,overcast clouds
2026-07-30T19:38:12.516887+00:00,Istanbul,22.6,100,clear sky
2026-07-30T19:38:12.516887+00:00,Ankara,18.45,66,clear sky
2026-07-30T19:38:12.516887+00:00,İzmir,22.72,41,clear sky
2026-07-30T19:38:12.516887+00:00,Berlin,27.73,47,overcast clouds
2026-07-30T19:38:12.516887+00:00,London,23.78,60,overcast clouds
2026-07-30T21:14:34.517419+00:00,Istanbul,22.21,100,clear sky
2026-07-30T21:14:34.517419+00:00,Ankara,17.34,69,clear sky
2026-07-30T21:14:34.517419+00:00,İzmir,21.3,46,clear sky
2026-07-30T21:14:34.517419+00:00,Berlin,25.66,59,overcast clouds
2026-07-30T21:14:34.517419+00:00,London,21.64,68,overcast clouds
2026-07-30T23:11:18.706561+00:00,Istanbul,21.49,100,clear sky
2026-07-30T23:11:18.706561+00:00,Ankara,16.23,73,clear sky
2026-07-30T23:11:18.706561+00:00,İzmir,20.01,53,clear sky
2026-07-30T23:11:18.706561+00:00,Berlin,24.19,69,moderate rain
2026-07-30T23:11:18.706561+00:00,London,20.21,73,overcast clouds
2026-07-31T03:21:10.857162+00:00,Istanbul,20.75,100,clear sky
2026-07-31T03:21:10.857162+00:00,Ankara,15.11,73,clear sky
2026-07-31T03:21:10.857162+00:00,İzmir,20.3,60,clear sky
2026-07-31T03:21:10.857162+00:00,Berlin,20.01,87,scattered clouds
2026-07-31T03:21:10.857162+00:00,London,17.68,69,overcast clouds
2026-07-31T06:48:08.498656+00:00,Istanbul,25.54,59,clear sky
2026-07-31T06:48:08.498656+00:00,Ankara,18.45,59,clear sky
2026-07-31T06:48:08.498656+00:00,İzmir,27.4,42,clear sky
2026-07-31T06:48:08.498656+00:00,Berlin,21.87,81,broken clouds
2026-07-31T06:48:08.498656+00:00,London,17.2,59,few clouds
2026-07-31T09:47:51.769464+00:00,Istanbul,28.46,100,clear sky
2026-07-31T09:47:51.769464+00:00,Ankara,23.47,46,clear sky
2026-07-31T09:47:51.769464+00:00,İzmir,32.4,19,clear sky
2026-07-31T09:47:51.769464+00:00,Berlin,26.3,61,overcast clouds
2026-07-31T09:47:51.769464+00:00,London,21.72,49,scattered clouds
2026-07-31T12:03:11.214253+00:00,Istanbul,27.79,81,clear sky
2026-07-31T12:03:11.214253+00:00,Ankara,24.56,42,clear sky
2026-07-31T12:03:11.214253+00:00,İzmir,34.62,15,clear sky
2026-07-31T12:03:11.214253+00:00,Berlin,29.32,50,light rain
2026-07-31T12:03:11.214253+00:00,London,23.95,40,few clouds
2026-07-31T15:22:28.175360+00:00,Istanbul,25.46,74,clear sky
2026-07-31T15:22:28.175360+00:00,Ankara,24.56,45,clear sky
2026-07-31T15:22:28.175360+00:00,İzmir,34.62,21,clear sky
2026-07-31T15:22:28.175360+00:00,Berlin,29.35,48,overcast clouds
2026-07-31T15:22:28.175360+00:00,London,26.29,29,clear sky
2026-07-31T17:42:22.958546+00:00,Istanbul,24.08,100,clear sky
2026-07-31T17:42:22.958546+00:00,Ankara,21.23,57,clear sky
2026-07-31T17:42:22.958546+00:00,İzmir,31.29,36,clear sky
2026-07-31T17:42:22.958546+00:00,Berlin,27.82,56,overcast clouds
2026-07-31T17:42:22.958546+00:00,London,26.13,27,clear sky
2026-07-31T19:39:34.566375+00:00,Istanbul,22.97,100,clear sky
2026-07-31T19:39:34.566375+00:00,Ankara,19.56,66,clear sky
2026-07-31T19:39:34.566375+00:00,İzmir,23.03,50,clear sky
2026-07-31T19:39:34.566375+00:00,Berlin,23.23,65,light rain
2026-07-31T19:39:34.566375+00:00,London,22.95,38,clear sky
2026-07-31T21:09:38.384093+00:00,Istanbul,22.6,100,clear sky
2026-07-31T21:09:38.384093+00:00,Ankara,18.45,68,clear sky
2026-07-31T21:09:38.384093+00:00,İzmir,22.17,56,clear sky
2026-07-31T21:09:38.384093+00:00,Berlin,21.6,82,overcast clouds
2026-07-31T21:09:38.384093+00:00,London,20.59,59,clear sky
2026-07-31T23:04:55.835264+00:00,Istanbul,22.21,100,clear sky
2026-07-31T23:04:55.835264+00:00,Ankara,17.34,67,clear sky
2026-07-31T23:04:55.835264+00:00,İzmir,20.61,62,clear sky
2026-07-31T23:04:55.835264+00:00,Berlin,21.21,81,overcast clouds
2026-07-31T23:04:55.835264+00:00,London,18.74,64,scattered clouds
2026-08-01T03:19:38.648766+00:00,Istanbul,21.49,100,clear sky
2026-08-01T03:19:38.648766+00:00,Ankara,15.67,72,clear sky
2026-08-01T03:19:38.648766+00:00,İzmir,21.66,67,clear sky
2026-08-01T03:19:38.648766+00:00,Berlin,20.11,87,overcast clouds
2026-08-01T03:19:38.648766+00:00,London,16.07,58,overcast clouds
2026-08-01T06:32:42.642392+00:00,Istanbul,25.2,63,clear sky
2026-08-01T06:32:42.642392+00:00,Ankara,20.11,53,clear sky
2026-08-01T06:32:42.642392+00:00,İzmir,26.29,37,clear sky
2026-08-01T06:32:42.642392+00:00,Berlin,18.77,96,very heavy rain
2026-08-01T06:32:42.642392+00:00,London,16.26,58,scattered clouds
2026-08-01T09:08:20.660974+00:00,Istanbul,25.18,64,clear sky
2026-08-01T09:08:20.660974+00:00,Ankara,24.0,48,clear sky
2026-08-01T09:08:20.660974+00:00,İzmir,31.29,30,clear sky
2026-08-01T09:08:20.660974+00:00,Berlin,19.04,97,heavy intensity rain
2026-08-01T09:08:20.660974+00:00,London,21.06,46,clear sky
2026-08-01T11:19:28.758121+00:00,Istanbul,28.26,88,clear sky
2026-08-01T11:19:28.758121+00:00,Ankara,25.67,45,clear sky
2026-08-01T11:19:28.758121+00:00,İzmir,34.62,29,clear sky
2026-08-01T11:19:28.758121+00:00,Berlin,18.0,95,moderate rain
2026-08-01T11:19:28.758121+00:00,London,23.74,39,clear sky
2026-08-01T13:35:12.041804+00:00,Istanbul,26.17,73,clear sky
2026-08-01T13:35:12.041804+00:00,Ankara,26.78,37,clear sky
2026-08-01T13:35:12.041804+00:00,İzmir,36.29,16,clear sky
2026-08-01T13:35:12.041804+00:00,Berlin,19.86,82,overcast clouds
2026-08-01T13:35:12.041804+00:00,London,26.12,31,clear sky
2026-08-01T15:03:18.434417+00:00,Istanbul,26.28,77,clear sky
2026-08-01T15:03:18.434417+00:00,Ankara,26.78,35,clear sky
2026-08-01T15:03:18.434417+00:00,İzmir,36.29,18,clear sky
2026-08-01T15:03:18.434417+00:00,Berlin,21.55,82,overcast clouds
2026-08-01T15:03:18.434417+00:00,London,26.5,29,clear sky
2026-08-01T17:03:56.296174+00:00,Istanbul,25.73,72,clear sky
2026-08-01T17:03:56.296174+00:00,Ankara,25.67,41,clear sky
2026-08-01T17:03:56.296174+00:00,İzmir,33.51,29,clear sky
2026-08-01T17:03:56.296174+00:00,Berlin,21.4,68,broken clouds
2026-08-01T17:03:56.296174+00:00,London,26.26,29,scattered clouds
2026-08-01T19:13:57.165777+00:00,Istanbul,23.84,100,clear sky
2026-08-01T19:13:57.165777+00:00,Ankara,22.89,57,clear sky
2026-08-01T19:13:57.165777+00:00,İzmir,25.77,44,clear sky
2026-08-01T19:13:57.165777+00:00,Berlin,18.84,79,overcast clouds
2026-08-01T19:13:57.165777+00:00,London,24.19,34,overcast clouds
2026-08-01T20:57:37.613613+00:00,Istanbul,23.28,100,clear sky
2026-08-01T20:57:37.613613+00:00,Ankara,21.78,60,clear sky
2026-08-01T20:57:37.613613+00:00,İzmir,23.59,50,clear sky
2026-08-01T20:57:37.613613+00:00,Berlin,16.85,82,scattered clouds
2026-08-01T20:57:37.613613+00:00,London,20.77,41,overcast clouds
2026-08-01T22:02:50.580878+00:00,Istanbul,23.28,100,clear sky
2026-08-01T22:02:50.580878+00:00,Ankara,21.23,62,clear sky
2026-08-01T22:02:50.580878+00:00,İzmir,22.53,51,clear sky
2026-08-01T22:02:50.580878+00:00,Berlin,15.51,89,scattered clouds
2026-08-01T22:02:50.580878+00:00,London,19.24,47,overcast clouds
2026-08-01T23:59:40.420038+00:00,Istanbul,22.73,100,clear sky
2026-08-01T23:59:40.420038+00:00,Ankara,19.56,68,clear sky
2026-08-01T23:59:40.420038+00:00,İzmir,21.29,56,clear sky
2026-08-01T23:59:40.420038+00:00,Berlin,14.6,91,broken clouds
2026-08-01T23:59:40.420038+00:00,London,17.42,52,broken clouds
2026-08-02T03:44:39.785778+00:00,Istanbul,22.73,100,clear sky
2026-08-02T03:44:39.785778+00:00,Ankara,17.89,77,clear sky
2026-08-02T03:44:39.785778+00:00,İzmir,22.15,73,clear sky
2026-08-02T03:44:39.785778+00:00,Berlin,14.11,81,overcast clouds
2026-08-02T03:44:39.785778+00:00,London,15.4,61,broken clouds
2026-08-02T06:36:34.293675+00:00,Istanbul,25.58,100,clear sky
2026-08-02T06:36:34.293675+00:00,Ankara,22.34,62,clear sky
2026-08-02T06:36:34.293675+00:00,İzmir,27.4,50,clear sky
2026-08-02T06:36:34.293675+00:00,Berlin,16.89,81,overcast clouds
2026-08-02T06:36:34.293675+00:00,London,16.21,66,broken clouds
2026-08-02T09:11:37.000703+00:00,Istanbul,26.14,100,clear sky
2026-08-02T09:11:37.000703+00:00,Ankara,26.78,49,clear sky
2026-08-02T09:11:37.000703+00:00,İzmir,30.81,33,clear sky
2026-08-02T09:11:37.000703+00:00,Berlin,22.72,56,broken clouds
2026-08-02T09:11:37.000703+00:00,London,21.99,56,overcast clouds
2026-08-02T11:18:47.493628+00:00,Istanbul,29.53,64,clear sky
2026-08-02T11:18:47.493628+00:00,Ankara,29.56,40,clear sky
2026-08-02T11:18:47.493628+00:00,İzmir,32.99,31,clear sky
2026-08-02T11:18:47.493628+00:00,Berlin,23.78,45,broken clouds
2026-08-02T11:18:47.493628+00:00,London,26.27,42,overcast clouds
2026-08-02T13:35:44.557451+00:00,Istanbul,29.12,100,clear sky
2026-08-02T13:35:44.557451+00:00,Ankara,31.23,33,clear sky
2026-08-02T13:35:44.557451+00:00,İzmir,34.62,22,clear sky
2026-08-02T13:35:44.557451+00:00,Berlin,26.04,45,overcast clouds
2026-08-02T13:35:44.557451+00:00,London,27.11,42,overcast clouds
2026-08-02T15:05:29.349138+00:00,Istanbul,26.44,100,clear sky
2026-08-02T15:05:29.349138+00:00,Ankara,31.23,31,clear sky
2026-08-02T15:05:29.349138+00:00,İzmir,34.62,24,clear sky
2026-08-02T15:05:29.349138+00:00,Berlin,24.5,44,overcast clouds
2026-08-02T15:05:29.349138+00:00,London,27.79,38,broken clouds
2026-08-02T17:03:48.567587+00:00,Istanbul,26.33,100,clear sky
2026-08-02T17:03:48.567587+00:00,Ankara,30.11,32,clear sky
2026-08-02T17:03:48.567587+00:00,İzmir,31.29,42,clear sky
2026-08-02T17:03:48.567587+00:00,Berlin,23.45,48,broken clouds
2026-08-02T17:03:48.567587+00:00,London,26.07,37,broken clouds
2026-08-02T19:15:49.991629+00:00,Istanbul,26.73,100,clear sky
2026-08-02T19:15:49.991629+00:00,Ankara,26.78,51,few clouds
2026-08-02T19:15:49.991629+00:00,İzmir,25.73,56,clear sky
2026-08-02T19:15:49.991629+00:00,Berlin,21.15,52,clear sky
2026-08-02T19:15:49.991629+00:00,London,23.49,42,overcast clouds
2026-08-02T20:59:16.125660+00:00,Istanbul,24.39,100,clear sky
2026-08-02T20:59:16.125660+00:00,Ankara,25.11,57,clear sky
2026-08-02T20:59:16.125660+00:00,İzmir,23.51,63,clear sky
2026-08-02T20:59:16.125660+00:00,Berlin,18.89,62,clear sky
2026-08-02T20:59:16.125660+00:00,London,21.93,50,overcast clouds
2026-08-02T22:03:51.217195+00:00,Istanbul,23.84,100,clear sky
2026-08-02T22:03:51.217195+00:00,Ankara,24.0,62,clear sky
2026-08-02T22:03:51.217195+00:00,İzmir,23.51,67,clear sky
2026-08-02T22:03:51.217195+00:00,Berlin,18.35,63,clear sky
2026-08-02T22:03:51.217195+00:00,London,21.2,57,overcast clouds
2026-08-03T00:01:26.755587+00:00,Istanbul,24.39,100,clear sky
2026-08-03T00:01:26.755587+00:00,Ankara,22.89,65,clear sky
2026-08-03T00:01:26.755587+00:00,İzmir,21.29,70,clear sky
2026-08-03T00:01:26.755587+00:00,Berlin,16.4,79,clear sky
2026-08-03T00:01:26.755587+00:00,London,19.67,65,overcast clouds
2026-08-03T04:32:51.082658+00:00,Istanbul,23.42,90,clear sky
2026-08-03T04:32:51.082658+00:00,Ankara,21.78,71,clear sky
2026-08-03T04:32:51.082658+00:00,İzmir,20.73,72,clear sky
2026-08-03T04:32:51.082658+00:00,Berlin,14.96,68,few clouds
2026-08-03T04:32:51.082658+00:00,London,17.07,79,broken clouds
2026-08-03T08:32:10.335426+00:00,Istanbul,27.66,100,clear sky
2026-08-03T08:32:10.335426+00:00,Ankara,28.45,46,clear sky
2026-08-03T08:32:10.335426+00:00,İzmir,30.73,35,clear sky
2026-08-03T08:32:10.335426+00:00,Berlin,23.39,59,scattered clouds
2026-08-03T08:32:10.335426+00:00,London,22.68,66,broken clouds
2026-08-03T12:28:12.289341+00:00,Istanbul,30.99,100,clear sky
2026-08-03T12:28:12.289341+00:00,Ankara,32.34,25,clear sky
2026-08-03T12:28:12.289341+00:00,İzmir,34.62,23,clear sky
2026-08-03T12:28:12.289341+00:00,Berlin,29.1,51,scattered clouds
2026-08-03T12:28:12.289341+00:00,London,30.38,38,overcast clouds
2026-08-03T15:45:33.481797+00:00,Istanbul,29.39,100,clear sky
2026-08-03T15:45:33.481797+00:00,Ankara,31.78,25,clear sky
2026-08-03T15:45:33.481797+00:00,İzmir,33.51,26,clear sky
2026-08-03T15:45:33.481797+00:00,Berlin,30.1,47,scattered clouds
2026-08-03T15:45:33.481797+00:00,London,30.6,36,few clouds
2026-08-03T17:54:44.578332+00:00,Istanbul,26.36,100,clear sky
2026-08-03T17:54:44.578332+00:00,Ankara,27.34,43,clear sky
2026-08-03T17:54:44.578332+00:00,İzmir,31.29,41,clear sky
2026-08-03T17:54:44.578332+00:00,Berlin,28.04,55,broken clouds
2026-08-03T17:54:44.578332+00:00,London,28.14,40,few clouds
2026-08-03T19:42:17.729560+00:00,Istanbul,26.77,100,clear sky
2026-08-03T19:42:17.729560+00:00,Ankara,25.11,53,clear sky
2026-08-03T19:42:17.729560+00:00,İzmir,29.62,47,clear sky
2026-08-03T19:42:17.729560+00:00,Berlin,25.27,60,clear sky
2026-08-03T19:42:17.729560+00:00,London,24.61,53,clear sky
2026-08-03T21:06:59.385114+00:00,Istanbul,26.69,78,clear sky
2026-08-03T21:06:59.385114+00:00,Ankara,24.0,56,clear sky
2026-08-03T21:06:59.385114+00:00,İzmir,25.45,51,clear sky
2026-08-03T21:06:59.385114+00:00,Berlin,24.42,64,few clouds
2026-08-03T21:06:59.385114+00:00,London,22.84,63,clear sky
2026-08-03T23:05:02.604790+00:00,Istanbul,23.84,100,clear sky
2026-08-03T23:05:02.604790+00:00,Ankara,22.34,59,clear sky
2026-08-03T23:05:02.604790+00:00,İzmir,22.4,59,clear sky
2026-08-03T23:05:02.604790+00:00,Berlin,22.92,68,scattered clouds
2026-08-03T23:05:02.604790+00:00,London,21.11,71,clear sky
2026-08-04T02:50:34.773756+00:00,Istanbul,22.31,86,clear sky
2026-08-04T02:50:34.773756+00:00,Ankara,20.11,61,clear sky
2026-08-04T02:50:34.773756+00:00,İzmir,23.24,71,clear sky
2026-08-04T02:50:34.773756+00:00,Berlin,21.3,74,overcast clouds
2026-08-04T02:50:34.773756+00:00,London,18.47,82,few clouds
2026-08-04T05:51:40.849279+00:00,Istanbul,26.86,72,clear sky
2026-08-04T05:51:40.849279+00:00,Ankara,22.89,52,clear sky
2026-08-04T05:51:40.849279+00:00,İzmir,26.16,47,clear sky
2026-08-04T05:51:40.849279+00:00,Berlin,21.8,74,overcast clouds
2026-08-04T05:51:40.849279+00:00,London,18.72,80,scattered clouds
2026-08-04T08:43:10.652087+00:00,Istanbul,26.86,72,clear sky
2026-08-04T08:43:10.652087+00:00,Ankara,28.45,35,clear sky
2026-08-04T08:43:10.652087+00:00,İzmir,32.4,25,clear sky
2026-08-04T08:43:10.652087+00:00,Berlin,24.1,80,moderate rain
2026-08-04T08:43:10.652087+00:00,London,25.79,48,overcast clouds
2026-08-04T11:27:11.399896+00:00,Istanbul,33.28,40,clear sky
2026-08-04T11:27:11.399896+00:00,Ankara,31.78,29,clear sky
2026-08-04T11:27:11.399896+00:00,İzmir,36.29,21,clear sky
2026-08-04T11:27:11.399896+00:00,Berlin,25.55,90,heavy intensity rain
2026-08-04T11:27:11.399896+00:00,London,29.45,39,overcast clouds
2026-08-04T14:23:50.244861+00:00,Istanbul,32.71,75,clear sky
2026-08-04T14:23:50.244861+00:00,Ankara,32.34,21,clear sky
2026-08-04T14:23:50.244861+00:00,İzmir,36.29,15,clear sky
2026-08-04T14:23:50.244861+00:00,Berlin,30.43,58,broken clouds
2026-08-04T14:23:50.244861+00:00,London,28.65,52,overcast clouds
2026-08-04T16:54:54.310648+00:00,Istanbul,29.39,78,clear sky
2026-08-04T16:54:54.310648+00:00,Ankara,29.56,34,clear sky
2026-08-04T16:54:54.310648+00:00,İzmir,34.62,22,clear sky
2026-08-04T16:54:54.310648+00:00,Berlin,29.73,60,scattered clouds
2026-08-04T16:54:54.310648+00:00,London,25.51,64,overcast clouds
2026-08-04T18:40:27.481653+00:00,Istanbul,26.91,100,clear sky
2026-08-04T18:40:27.481653+00:00,Ankara,25.67,46,clear sky
2026-08-04T18:40:27.481653+00:00,İzmir,31.29,32,clear sky
2026-08-04T18:40:27.481653+00:00,Berlin,26.4,65,clear sky
2026-08-04T18:40:27.481653+00:00,London,24.24,64,clear sky
2026-08-04T20:27:10.174805+00:00,Istanbul,26.8,100,clear sky
2026-08-04T20:27:10.174805+00:00,Ankara,23.45,48,clear sky
2026-08-04T20:27:10.174805+00:00,İzmir,27.93,38,clear sky
2026-08-04T20:27:10.174805+00:00,Berlin,24.79,71,scattered clouds
2026-08-04T20:27:10.174805+00:00,London,22.48,71,clear sky
2026-08-04T22:16:16.417326+00:00,Istanbul,26.73,100,clear sky
2026-08-04T22:16:16.417326+00:00,Ankara,21.78,54,clear sky
2026-08-04T22:16:16.417326+00:00,İzmir,27.08,41,clear sky
2026-08-04T22:16:16.417326+00:00,Berlin,22.94,76,few clouds
2026-08-04T22:16:16.417326+00:00,London,20.65,78,clear sky
2026-08-05T00:07:07.183050+00:00,Istanbul,26.69,100,clear sky
2026-08-05T00:07:07.183050+00:00,Ankara,20.67,57,clear sky
2026-08-05T00:07:07.183050+00:00,İzmir,24.64,44,clear sky
2026-08-05T00:07:07.183050+00:00,Berlin,22.32,78,few clouds
2026-08-05T00:07:07.183050+00:00,London,19.53,81,clear sky
2026-08-05T04:13:03.645019+00:00,Istanbul,24.39,100,clear sky
2026-08-05T04:13:03.645019+00:00,Ankara,20.11,59,clear sky
2026-08-05T04:13:03.645019+00:00,İzmir,26.29,62,clear sky
2026-08-05T04:13:03.645019+00:00,Berlin,20.52,93,light rain
2026-08-05T04:13:03.645019+00:00,London,18.49,81,scattered clouds
2026-08-05T07:42:30.100726+00:00,Istanbul,29.53,42,clear sky
2026-08-05T07:42:30.100726+00:00,Ankara,25.67,44,clear sky
2026-08-05T07:42:30.100726+00:00,İzmir,31.29,27,clear sky
2026-08-05T07:42:30.100726+00:00,Berlin,25.56,87,clear sky
2026-08-05T07:42:30.100726+00:00,London,20.47,74,overcast clouds
2026-08-05T10:39:31.723418+00:00,Istanbul,31.2,44,clear sky
2026-08-05T10:39:31.723418+00:00,Ankara,29.56,32,clear sky
2026-08-05T10:39:31.723418+00:00,İzmir,36.29,20,clear sky
2026-08-05T10:39:31.723418+00:00,Berlin,29.7,65,few clouds
2026-08-05T10:39:31.723418+00:00,London,23.19,60,light rain
2026-08-05T12:56:17.129045+00:00,Istanbul,31.62,100,clear sky
2026-08-05T12:56:17.129045+00:00,Ankara,31.23,28,clear sky
2026-08-05T12:56:17.129045+00:00,İzmir,37.4,20,clear sky
2026-08-05T12:56:17.129045+00:00,Berlin,30.59,53,broken clouds
2026-08-05T12:56:17.129045+00:00,London,24.84,44,clear sky
2026-08-05T15:19:34.933370+00:00,Istanbul,26.99,76,clear sky
2026-08-05T15:19:34.933370+00:00,Ankara,32.34,26,clear sky
2026-08-05T15:19:34.933370+00:00,İzmir,37.4,21,clear sky
2026-08-05T15:19:34.933370+00:00,Berlin,30.81,54,scattered clouds
2026-08-05T15:19:34.933370+00:00,London,25.1,37,clear sky
2026-08-05T17:43:15.226091+00:00,Istanbul,26.62,100,clear sky
2026-08-05T17:43:15.226091+00:00,Ankara,28.45,39,few clouds
2026-08-05T17:43:15.226091+00:00,İzmir,30.73,29,few clouds
2026-08-05T17:43:15.226091+00:00,Berlin,28.11,63,scattered clouds
2026-08-05T17:43:15.226091+00:00,London,23.96,36,clear sky
2026-08-05T19:40:05.959841+00:00,Istanbul,25.51,100,clear sky
2026-08-05T19:40:05.959841+00:00,Ankara,26.23,47,clear sky
2026-08-05T19:40:05.959841+00:00,İzmir,28.51,34,clear sky
2026-08-05T19:40:05.959841+00:00,Berlin,23.42,81,broken clouds
2026-08-05T19:40:05.959841+00:00,London,21.16,44,clear sky
2026-08-05T21:15:08.221873+00:00,Istanbul,24.95,100,clear sky
2026-08-05T21:15:08.221873+00:00,Ankara,24.56,50,clear sky
2026-08-05T21:15:08.221873+00:00,İzmir,26.29,40,clear sky
2026-08-05T21:15:08.221873+00:00,Berlin,22.62,82,scattered clouds
2026-08-05T21:15:08.221873+00:00,London,19.24,49,clear sky
2026-08-05T23:03:25.631541+00:00,Istanbul,24.39,100,clear sky
2026-08-05T23:03:25.631541+00:00,Ankara,22.89,58,clear sky
2026-08-05T23:03:25.631541+00:00,İzmir,25.73,48,clear sky
2026-08-05T23:03:25.631541+00:00,Berlin,21.61,81,scattered clouds
2026-08-05T23:03:25.631541+00:00,London,17.41,60,clear sky
2026-08-06T02:50:45.095277+00:00,Istanbul,23.84,100,clear sky
2026-08-06T02:50:45.095277+00:00,Ankara,20.67,70,clear sky
2026-08-06T02:50:45.095277+00:00,İzmir,27.4,66,broken clouds
2026-08-06T02:50:45.095277+00:00,Berlin,20.46,87,scattered clouds
2026-08-06T02:50:45.095277+00:00,London,14.73,74,clear sky
2026-08-06T05:52:47.615432+00:00,Istanbul,25.09,77,clear sky
2026-08-06T05:52:47.615432+00:00,Ankara,23.45,62,clear sky
2026-08-06T05:52:47.615432+00:00,İzmir,28.51,49,broken clouds
2026-08-06T05:52:47.615432+00:00,Berlin,20.72,94,scattered clouds
2026-08-06T05:52:47.615432+00:00,London,13.82,77,clear sky
2026-08-06T08:42:24.728543+00:00,Istanbul,30.87,44,clear sky
2026-08-06T08:42:24.728543+00:00,Ankara,29.0,44,clear sky
2026-08-06T08:42:24.728543+00:00,İzmir,33.84,28,clear sky
2026-08-06T08:42:24.728543+00:00,Berlin,24.23,78,broken clouds
2026-08-06T08:42:24.728543+00:00,London,18.61,55,clear sky
2026-08-06T11:26:25.242128+00:00,Istanbul,31.65,100,clear sky
2026-08-06T11:26:25.242128+00:00,Ankara,30.11,38,clear sky
2026-08-06T11:26:25.242128+00:00,İzmir,35.83,20,clear sky
2026-08-06T11:26:25.242128+00:00,Berlin,27.03,52,broken clouds
2026-08-06T11:26:25.242128+00:00,London,19.84,45,clear sky
2026-08-06T14:20:45.043220+00:00,Istanbul,31.03,100,clear sky
2026-08-06T14:20:45.043220+00:00,Ankara,32.34,29,clear sky
2026-08-06T14:20:45.043220+00:00,İzmir,36.29,20,clear sky
2026-08-06T14:20:45.043220+00:00,Berlin,27.48,42,scattered clouds
2026-08-06T14:20:45.043220+00:00,London,22.45,37,clear sky
2026-08-07T00:42:08.821355+00:00,Istanbul,24.39,100,clear sky
2026-08-07T00:42:08.821355+00:00,Ankara,22.34,56,clear sky
2026-08-07T00:42:08.821355+00:00,İzmir,25.73,65,clear sky
2026-08-07T00:42:08.821355+00:00,Berlin,16.58,79,clear sky
2026-08-07T00:42:08.821355+00:00,London,13.84,63,overcast clouds
2026-08-07T03:51:40.527274+00:00,Istanbul,23.42,95,clear sky
2026-08-07T03:51:40.527274+00:00,Ankara,20.67,65,clear sky
2026-08-07T03:51:40.527274+00:00,İzmir,24.62,73,clear sky
2026-08-07T03:51:40.527274+00:00,Berlin,15.65,81,clear sky
2026-08-07T03:51:40.527274+00:00,London,12.37,71,few clouds
2026-08-07T05:42:45.660989+00:00,Istanbul,27.17,100,clear sky
2026-08-07T05:42:45.660989+00:00,Ankara,24.56,52,clear sky
2026-08-07T05:42:45.660989+00:00,İzmir,26.29,57,clear sky
2026-08-07T05:42:45.660989+00:00,Berlin,15.82,77,clear sky
2026-08-07T05:42:45.660989+00:00,London,12.75,69,few clouds
2026-08-07T07:21:12.072758+00:00,Istanbul,28.42,66,clear sky
2026-08-07T07:21:12.072758+00:00,Ankara,26.78,44,clear sky
2026-08-07T07:21:12.072758+00:00,İzmir,29.62,48,clear sky
2026-08-07T07:21:12.072758+00:00,Berlin,17.83,73,clear sky
2026-08-07T07:21:12.072758+00:00,London,16.93,64,clear sky
2026-08-07T09:02:54.088649+00:00,Istanbul,26.2,53,clear sky
2026-08-07T09:02:54.088649+00:00,Ankara,29.0,38,clear sky
2026-08-07T09:02:54.088649+00:00,İzmir,31.29,32,clear sky
2026-08-07T09:02:54.088649+00:00,Berlin,19.56,63,scattered clouds
2026-08-07T09:02:54.088649+00:00,London,20.54,49,clear sky
2026-08-07T10:55:43.463442+00:00,Istanbul,27.31,46,clear sky
2026-08-07T10:55:43.463442+00:00,Ankara,30.67,27,clear sky
2026-08-07T10:55:43.463442+00:00,İzmir,34.73,20,clear sky
2026-08-07T10:55:43.463442+00:00,Berlin,20.41,58,broken clouds
2026-08-07T10:55:43.463442+00:00,London,23.41,38,clear sky
2026-08-07T11:49:38.565095+00:00,Istanbul,30.75,99,clear sky
2026-08-07T11:49:38.565095+00:00,Ankara,31.23,25,clear sky
2026-08-07T11:49:38.565095+00:00,İzmir,34.92,21,clear sky
2026-08-07T11:49:38.565095+00:00,Berlin,21.05,56,broken clouds
2026-08-07T11:49:38.565095+00:00,London,23.94,36,clear sky
2026-08-07T13:11:53.255130+00:00,Istanbul,31.7,100,clear sky
2026-08-07T13:11:53.255130+00:00,Ankara,32.34,19,clear sky
2026-08-07T13:11:53.255130+00:00,İzmir,34.62,21,clear sky
2026-08-07T13:11:53.255130+00:00,Berlin,21.02,56,overcast clouds
2026-08-07T13:11:53.255130+00:00,London,25.18,33,clear sky
2026-08-07T14:56:10.231154+00:00,Istanbul,30.51,100,clear sky
2026-08-07T14:56:10.231154+00:00,Ankara,32.34,21,clear sky
2026-08-07T14:56:10.231154+00:00,İzmir,33.51,26,clear sky
2026-08-07T14:56:10.231154+00:00,Berlin,20.8,58,overcast clouds
2026-08-07T14:56:10.231154+00:00,London,26.38,30,clear sky
2026-08-07T16:00:23.137234+00:00,Istanbul,29.95,100,clear sky
2026-08-07T16:00:23.137234+00:00,Ankara,31.78,22,clear sky
2026-08-07T16:00:23.137234+00:00,İzmir,33.51,30,clear sky
2026-08-07T16:00:23.137234+00:00,Berlin,20.25,57,overcast clouds
2026-08-07T16:00:23.137234+00:00,London,26.95,30,clear sky
2026-08-07T17:50:41.517468+00:00,Istanbul,27.17,100,clear sky
2026-08-07T17:50:41.517468+00:00,Ankara,28.45,46,clear sky
2026-08-07T17:50:41.517468+00:00,İzmir,31.29,37,clear sky
2026-08-07T17:50:41.517468+00:00,Berlin,19.61,57,broken clouds
2026-08-07T17:50:41.517468+00:00,London,26.33,32,clear sky
2026-08-07T19:01:48.029227+00:00,Istanbul,26.62,100,clear sky
2026-08-07T19:01:48.029227+00:00,Ankara,26.78,48,clear sky
2026-08-07T19:01:48.029227+00:00,İzmir,29.83,40,clear sky
2026-08-07T19:01:48.029227+00:00,Berlin,18.86,60,broken clouds
2026-08-07T19:01:48.029227+00:00,London,24.14,38,clear sky
2026-08-07T20:44:55.686910+00:00,Istanbul,26.06,100,clear sky
2026-08-07T20:44:55.686910+00:00,Ankara,25.67,51,clear sky
2026-08-07T20:44:55.686910+00:00,İzmir,27.28,45,clear sky
2026-08-07T20:44:55.686910+00:00,Berlin,17.15,66,broken clouds
2026-08-07T20:44:55.686910+00:00,London,20.77,51,scattered clouds
2026-08-07T21:41:52.045216+00:00,Istanbul,25.51,100,clear sky
2026-08-07T21:41:52.045216+00:00,Ankara,25.11,52,clear sky
2026-08-07T21:41:52.045216+00:00,İzmir,25.73,48,clear sky
2026-08-07T21:41:52.045216+00:00,Berlin,17.27,61,broken clouds
2026-08-07T21:41:52.045216+00:00,London,19.47,56,scattered clouds
2026-08-07T22:39:57.766018+00:00,Istanbul,26.06,100,clear sky
2026-08-07T22:39:57.766018+00:00,Ankara,24.56,54,clear sky
2026-08-07T22:39:57.766018+00:00,İzmir,25.73,50,clear sky
2026-08-07T22:39:57.766018+00:00,Berlin,16.44,64,broken clouds
2026-08-07T22:39:57.766018+00:00,London,18.2,60,scattered clouds
2026-08-07T23:36:33.873546+00:00,Istanbul,25.51,100,clear sky
2026-08-07T23:36:33.873546+00:00,Ankara,23.45,60,clear sky
2026-08-07T23:36:33.873546+00:00,İzmir,25.73,52,clear sky
2026-08-07T23:36:33.873546+00:00,Berlin,15.83,67,broken clouds
2026-08-07T23:36:33.873546+00:00,London,16.91,66,few clouds
2026-08-08T01:51:57.716842+00:00,Istanbul,24.53,87,clear sky
2026-08-08T01:51:57.716842+00:00,Ankara,22.34,65,clear sky
2026-08-08T01:51:57.716842+00:00,İzmir,25.73,68,clear sky
2026-08-08T01:51:57.716842+00:00,Berlin,14.51,80,few clouds
2026-08-08T01:51:57.716842+00:00,London,14.93,73,scattered clouds
2026-08-08T03:36:20.847204+00:00,Istanbul,24.39,100,clear sky
2026-08-08T03:36:20.847204+00:00,Ankara,21.23,67,clear sky
2026-08-08T03:36:20.847204+00:00,İzmir,25.16,68,clear sky
2026-08-08T03:36:20.847204+00:00,Berlin,11.52,88,scattered clouds
2026-08-08T03:36:20.847204+00:00,London,14.14,75,scattered clouds
2026-08-08T05:00:24.465640+00:00,Istanbul,26.62,100,clear sky
2026-08-08T05:00:24.465640+00:00,Ankara,22.34,65,clear sky
2026-08-08T05:00:24.465640+00:00,İzmir,27.4,55,clear sky
2026-08-08T05:00:24.465640+00:00,Berlin,13.49,83,few clouds
2026-08-08T05:00:24.465640+00:00,London,12.78,81,scattered clouds
2026-08-08T06:59:10.861815+00:00,Istanbul,24.53,55,clear sky
2026-08-08T06:59:10.861815+00:00,Ankara,25.67,54,few clouds
2026-08-08T06:59:10.861815+00:00,İzmir,29.62,38,clear sky
2026-08-08T06:59:10.861815+00:00,Berlin,15.83,75,clear sky
2026-08-08T06:59:10.861815+00:00,London,17.37,73,few clouds
2026-08-08T07:54:51.832118+00:00,Istanbul,25.09,73,clear sky
2026-08-08T07:54:51.832118+00:00,Ankara,27.34,50,clear sky
2026-08-08T07:54:51.832118+00:00,İzmir,30.73,33,clear sky
2026-08-08T07:54:51.832118+00:00,Berlin,20.3,62,clear sky
2026-08-08T07:54:51.832118+00:00,London,19.8,64,few clouds
2026-08-08T08:46:27.315587+00:00,Istanbul,31.42,48,clear sky
2026-08-08T08:46:27.315587+00:00,Ankara,29.56,41,clear sky
2026-08-08T08:46:27.315587+00:00,İzmir,33.51,27,clear sky
2026-08-08T08:46:27.315587+00:00,Berlin,20.84,56,clear sky
2026-08-08T08:46:27.315587+00:00,London,21.74,51,scattered clouds
2026-08-08T09:41:12.502215+00:00,Istanbul,26.2,43,clear sky
2026-08-08T09:41:12.502215+00:00,Ankara,30.11,32,clear sky
2026-08-08T09:41:12.502215+00:00,İzmir,35.73,24,clear sky
2026-08-08T09:41:12.502215+00:00,Berlin,21.56,55,clear sky
2026-08-08T09:41:12.502215+00:00,London,23.53,47,broken clouds
2026-08-08T10:37:23.917842+00:00,Istanbul,28.42,43,clear sky
2026-08-08T10:37:23.917842+00:00,Ankara,31.23,29,clear sky
2026-08-08T10:37:23.917842+00:00,İzmir,35.73,19,clear sky
2026-08-08T10:37:23.917842+00:00,Berlin,22.97,49,clear sky
2026-08-08T10:37:23.917842+00:00,London,25.02,41,broken clouds
2026-08-08T11:32:22.090411+00:00,Istanbul,31.31,100,clear sky
2026-08-08T11:32:22.090411+00:00,Ankara,31.78,29,clear sky
2026-08-08T11:32:22.090411+00:00,İzmir,35.73,17,clear sky
2026-08-08T11:32:22.090411+00:00,Berlin,24.3,45,clear sky
2026-08-08T11:32:22.090411+00:00,London,26.21,38,broken clouds
2026-08-08T12:55:09.863013+00:00,Istanbul,30.1,100,clear sky
2026-08-08T12:55:09.863013+00:00,Ankara,31.78,27,clear sky
2026-08-08T12:55:09.863013+00:00,İzmir,36.29,15,clear sky
2026-08-08T12:55:09.863013+00:00,Berlin,25.55,41,clear sky
2026-08-08T12:55:09.863013+00:00,London,27.7,35,overcast clouds
2026-08-08T13:48:49.044637+00:00,Istanbul,30.43,100,clear sky
2026-08-08T13:48:49.044637+00:00,Ankara,32.34,27,clear sky
2026-08-08T13:48:49.044637+00:00,İzmir,37.4,13,clear sky
2026-08-08T13:48:49.044637+00:00,Berlin,23.95,41,clear sky
2026-08-08T13:48:49.044637+00:00,London,28.31,33,overcast clouds
2026-08-08T14:34:53.528982+00:00,Istanbul,30.1,100,clear sky
2026-08-08T14:34:53.528982+00:00,Ankara,32.34,26,clear sky
2026-08-08T14:34:53.528982+00:00,İzmir,37.4,16,clear sky
2026-08-08T14:34:53.528982+00:00,Berlin,24.58,39,clear sky
2026-08-08T14:34:53.528982+00:00,London,28.31,31,overcast clouds
2026-08-08T15:33:25.801927+00:00,Istanbul,30.1,100,clear sky
2026-08-08T15:33:25.801927+00:00,Ankara,31.78,26,clear sky
2026-08-08T15:33:25.801927+00:00,İzmir,37.4,21,clear sky
2026-08-08T15:33:25.801927+00:00,Berlin,24.24,41,clear sky
2026-08-08T15:33:25.801927+00:00,London,28.51,29,overcast clouds
2026-08-08T16:37:22.256502+00:00,Istanbul,28.79,100,clear sky
2026-08-08T16:37:22.256502+00:00,Ankara,31.23,28,clear sky
2026-08-08T16:37:22.256502+00:00,İzmir,36.29,25,clear sky
2026-08-08T16:37:22.256502+00:00,Berlin,23.7,42,clear sky
2026-08-08T16:37:22.256502+00:00,London,27.83,31,overcast clouds
2026-08-08T17:33:42.233567+00:00,Istanbul,27.73,100,clear sky
2026-08-08T17:33:42.233567+00:00,Ankara,29.0,40,clear sky
2026-08-08T17:33:42.233567+00:00,İzmir,33.51,31,clear sky
2026-08-08T17:33:42.233567+00:00,Berlin,23.08,43,clear sky
2026-08-08T17:33:42.233567+00:00,London,26.94,31,overcast clouds
2026-08-08T18:41:50.257427+00:00,Istanbul,27.73,100,clear sky
2026-08-08T18:41:50.257427+00:00,Ankara,26.78,44,clear sky
2026-08-08T18:41:50.257427+00:00,İzmir,32.4,32,clear sky
2026-08-08T18:41:50.257427+00:00,Berlin,21.64,47,clear sky
2026-08-08T18:41:50.257427+00:00,London,25.67,34,overcast clouds
2026-08-08T19:33:12.044994+00:00,Istanbul,26.62,100,clear sky
2026-08-08T19:33:12.044994+00:00,Ankara,26.23,47,clear sky
2026-08-08T19:33:12.044994+00:00,İzmir,29.31,36,clear sky
2026-08-08T19:33:12.044994+00:00,Berlin,20.1,55,clear sky
2026-08-08T19:33:12.044994+00:00,London,24.59,37,overcast clouds
2026-08-08T20:33:58.699563+00:00,Istanbul,25.75,100,clear sky
2026-08-08T20:33:58.699563+00:00,Ankara,25.11,50,clear sky
2026-08-08T20:33:58.699563+00:00,İzmir,27.32,43,clear sky
2026-08-08T20:33:58.699563+00:00,Berlin,19.3,52,clear sky
2026-08-08T20:33:58.699563+00:00,London,23.19,41,overcast clouds
2026-08-08T21:33:41.381800+00:00,Istanbul,26.51,100,clear sky
2026-08-08T21:33:41.381800+00:00,Ankara,24.0,52,clear sky
2026-08-08T21:33:41.381800+00:00,İzmir,26.68,47,clear sky
2026-08-08T21:33:41.381800+00:00,Berlin,18.9,51,clear sky
2026-08-08T21:33:41.381800+00:00,London,21.19,47,overcast clouds
2026-08-08T22:33:00.230193+00:00,Istanbul,26.14,100,clear sky
2026-08-08T22:33:00.230193+00:00,Ankara,23.45,55,clear sky
2026-08-08T22:33:00.230193+00:00,İzmir,25.74,51,clear sky
2026-08-08T22:33:00.230193+00:00,Berlin,17.54,52,clear sky
2026-08-08T22:33:00.230193+00:00,London,19.55,51,overcast clouds
2026-08-08T23:32:21.207969+00:00,Istanbul,25.38,100,clear sky
2026-08-08T23:32:21.207969+00:00,Ankara,22.34,56,clear sky
2026-08-08T23:32:21.207969+00:00,İzmir,24.07,55,clear sky
2026-08-08T23:32:21.207969+00:00,Berlin,17.03,58,clear sky
2026-08-08T23:32:21.207969+00:00,London,18.5,57,overcast clouds
2026-08-09T01:59:22.481759+00:00,Istanbul,25.09,91,clear sky
2026-08-09T01:59:22.481759+00:00,Ankara,21.23,52,clear sky
2026-08-09T01:59:22.481759+00:00,İzmir,24.11,71,clear sky
2026-08-09T01:59:22.481759+00:00,Berlin,15.97,61,clear sky
2026-08-09T01:59:22.481759+00:00,London,16.54,66,clear sky
2026-08-09T03:50:07.976925+00:00,Istanbul,25.58,100,clear sky
2026-08-09T03:50:07.976925+00:00,Ankara,20.67,52,clear sky
2026-08-09T03:50:07.976925+00:00,İzmir,24.14,73,clear sky
2026-08-09T03:50:07.976925+00:00,Berlin,15.04,66,scattered clouds
2026-08-09T03:50:07.976925+00:00,London,16.82,65,clear sky
2026-08-09T05:09:08.154263+00:00,Istanbul,26.34,100,few clouds
2026-08-09T05:09:08.154263+00:00,Ankara,21.78,53,clear sky
2026-08-09T05:09:08.154263+00:00,İzmir,26.57,72,clear sky
2026-08-09T05:09:08.154263+00:00,Berlin,14.64,66,scattered clouds
2026-08-09T05:09:08.154263+00:00,London,15.59,69,clear sky
2026-08-09T07:01:25.040174+00:00,Istanbul,27.51,100,overcast clouds
2026-08-09T07:01:25.040174+00:00,Ankara,25.11,51,clear sky
2026-08-09T07:01:25.040174+00:00,İzmir,30.73,50,clear sky
2026-08-09T07:01:25.040174+00:00,Berlin,19.7,65,few clouds
2026-08-09T07:01:25.040174+00:00,London,18.82,62,scattered clouds
2026-08-09T08:47:54.921558+00:00,Istanbul,27.22,100,overcast clouds
2026-08-09T08:47:54.921558+00:00,Ankara,27.89,43,clear sky
2026-08-09T08:47:54.921558+00:00,İzmir,33.51,30,clear sky
2026-08-09T08:47:54.921558+00:00,Berlin,24.51,49,clear sky
2026-08-09T08:47:54.921558+00:00,London,23.3,48,scattered clouds
2026-08-09T09:42:54.837879+00:00,Istanbul,26.14,100,overcast clouds
2026-08-09T09:42:54.837879+00:00,Ankara,29.0,38,clear sky
2026-08-09T09:42:54.837879+00:00,İzmir,35.73,29,clear sky
2026-08-09T09:42:54.837879+00:00,Berlin,26.55,45,clear sky
2026-08-09T09:42:54.837879+00:00,London,25.75,36,scattered clouds
2026-08-09T10:38:04.436928+00:00,Istanbul,25.58,100,overcast clouds
2026-08-09T10:38:04.436928+00:00,Ankara,30.11,36,clear sky
2026-08-09T10:38:04.436928+00:00,İzmir,36.29,26,clear sky
2026-08-09T10:38:04.436928+00:00,Berlin,28.08,42,clear sky
2026-08-09T10:38:04.436928+00:00,London,27.37,33,scattered clouds
2026-08-09T11:32:25.337484+00:00,Istanbul,26.3,100,overcast clouds
2026-08-09T11:32:25.337484+00:00,Ankara,30.11,34,clear sky
2026-08-09T11:32:25.337484+00:00,İzmir,37.4,28,clear sky
2026-08-09T11:32:25.337484+00:00,Berlin,29.57,41,clear sky
2026-08-09T11:32:25.337484+00:00,London,28.88,30,scattered clouds
2026-08-09T12:57:26.846561+00:00,Istanbul,27.95,100,broken clouds
2026-08-09T12:57:26.846561+00:00,Ankara,31.23,33,broken clouds
2026-08-09T12:57:26.846561+00:00,İzmir,38.51,22,clear sky
2026-08-09T12:57:26.846561+00:00,Berlin,30.29,35,scattered clouds
2026-08-09T12:57:26.846561+00:00,London,30.44,28,overcast clouds
2026-08-09T13:53:23.207266+00:00,Istanbul,26.96,100,broken clouds
2026-08-09T13:53:23.207266+00:00,Ankara,31.78,31,broken clouds
2026-08-09T13:53:23.207266+00:00,İzmir,37.4,26,clear sky
2026-08-09T13:53:23.207266+00:00,Berlin,31.61,34,scattered clouds
2026-08-09T13:53:23.207266+00:00,London,30.85,27,broken clouds
2026-08-09T14:37:58.201339+00:00,Istanbul,28.14,100,scattered clouds
2026-08-09T14:37:58.201339+00:00,Ankara,34.61,27,broken clouds
2026-08-09T14:37:58.201339+00:00,İzmir,37.4,28,clear sky
2026-08-09T14:37:58.201339+00:00,Berlin,31.68,33,scattered clouds
2026-08-09T14:37:58.201339+00:00,London,31.77,27,broken clouds
2026-08-09T15:35:12.365621+00:00,Istanbul,26.14,100,scattered clouds
2026-08-09T15:35:12.365621+00:00,Ankara,30.11,35,broken clouds
2026-08-09T15:35:12.365621+00:00,İzmir,36.29,34,clear sky
2026-08-09T15:35:12.365621+00:00,Berlin,31.12,32,scattered clouds
2026-08-09T15:35:12.365621+00:00,London,32.19,27,broken clouds
2026-08-09T16:39:22.155423+00:00,Istanbul,26.14,100,scattered clouds
2026-08-09T16:39:22.155423+00:00,Ankara,29.56,33,broken clouds
2026-08-09T16:39:22.155423+00:00,İzmir,34.62,41,clear sky
2026-08-09T16:39:22.155423+00:00,Berlin,30.05,35,broken clouds
2026-08-09T16:39:22.155423+00:00,London,32.06,27,broken clouds
2026-08-09T17:34:34.727530+00:00,Istanbul,25.58,100,few clouds
2026-08-09T17:34:34.727530+00:00,Ankara,27.34,49,broken clouds
2026-08-09T17:34:34.727530+00:00,İzmir,32.4,49,clear sky
2026-08-09T17:34:34.727530+00:00,Berlin,29.14,38,broken clouds
2026-08-09T17:34:34.727530+00:00,London,30.95,27,scattered clouds
2026-08-09T18:45:56.898872+00:00,Istanbul,25.58,100,few clouds
2026-08-09T18:45:56.898872+00:00,Ankara,25.67,53,few clouds
2026-08-09T18:45:56.898872+00:00,İzmir,28.89,52,clear sky
2026-08-09T18:45:56.898872+00:00,Berlin,27.49,40,overcast clouds
2026-08-09T18:45:56.898872+00:00,London,29.22,31,few clouds
2026-08-09T19:35:59.974366+00:00,Istanbul,25.58,100,scattered clouds
2026-08-09T19:35:59.974366+00:00,Ankara,24.56,55,clear sky
2026-08-09T19:35:59.974366+00:00,İzmir,27.97,57,clear sky
2026-08-09T19:35:59.974366+00:00,Berlin,25.61,44,overcast clouds
2026-08-09T19:35:59.974366+00:00,London,27.6,34,broken clouds
2026-08-09T20:36:34.047906+00:00,Istanbul,24.53,93,few clouds
2026-08-09T20:36:34.047906+00:00,Ankara,24.0,58,clear sky
2026-08-09T20:36:34.047906+00:00,İzmir,26.43,68,clear sky
2026-08-09T20:36:34.047906+00:00,Berlin,25.49,44,overcast clouds
2026-08-09T20:36:34.047906+00:00,London,26.08,38,broken clouds
2026-08-09T21:35:50.049025+00:00,Istanbul,24.53,92,few clouds
2026-08-09T21:35:50.049025+00:00,Ankara,23.45,63,clear sky
2026-08-09T21:35:50.049025+00:00,İzmir,25.69,73,clear sky
2026-08-09T21:35:50.049025+00:00,Berlin,24.0,49,overcast clouds
2026-08-09T21:35:50.049025+00:00,London,25.15,42,broken clouds
2026-08-09T22:34:36.743094+00:00,Istanbul,24.53,93,few clouds
2026-08-09T22:34:36.743094+00:00,Ankara,22.89,64,clear sky
2026-08-09T22:34:36.743094+00:00,İzmir,25.24,77,clear sky
2026-08-09T22:34:36.743094+00:00,Berlin,23.09,54,overcast clouds
2026-08-09T22:34:36.743094+00:00,London,23.99,47,broken clouds
2026-08-09T23:34:32.759646+00:00,Istanbul,23.42,98,few clouds
2026-08-09T23:34:32.759646+00:00,Ankara,22.34,66,clear sky
2026-08-09T23:34:32.759646+00:00,İzmir,24.53,80,clear sky
2026-08-09T23:34:32.759646+00:00,Berlin,21.58,63,overcast clouds
2026-08-09T23:34:32.759646+00:00,London,22.83,52,broken clouds
2026-08-10T02:03:48.941877+00:00,Istanbul,23.42,92,clear sky
2026-08-10T02:03:48.941877+00:00,Ankara,21.23,70,clear sky
2026-08-10T02:03:48.941877+00:00,İzmir,23.79,84,clear sky
2026-08-10T02:03:48.941877+00:00,Berlin,20.53,70,moderate rain
2026-08-10T02:03:48.941877+00:00,London,20.07,64,overcast clouds
2026-08-10T04:41:14.278581+00:00,Istanbul,24.53,87,clear sky
2026-08-10T04:41:14.278581+00:00,Ankara,21.23,65,clear sky
2026-08-10T04:41:14.278581+00:00,İzmir,26.84,72,clear sky
2026-08-10T04:41:14.278581+00:00,Berlin,19.3,74,overcast clouds
2026-08-10T04:41:14.278581+00:00,London,17.81,74,broken clouds
2026-08-10T06:12:42.618283+00:00,Istanbul,26.2,89,clear sky
2026-08-10T06:12:42.618283+00:00,Ankara,24.0,54,clear sky
2026-08-10T06:12:42.618283+00:00,İzmir,28.51,60,clear sky
2026-08-10T06:12:42.618283+00:00,Berlin,21.16,64,broken clouds
2026-08-10T06:12:42.618283+00:00,London,18.37,75,broken clouds
2026-08-10T08:41:28.746862+00:00,Istanbul,28.42,51,clear sky
2026-08-10T08:41:28.746862+00:00,Ankara,27.34,44,clear sky
2026-08-10T08:41:28.746862+00:00,İzmir,33.51,34,clear sky
2026-08-10T08:41:28.746862+00:00,Berlin,26.72,44,overcast clouds
2026-08-10T08:41:28.746862+00:00,London,22.21,63,broken clouds
2026-08-10T10:19:36.900634+00:00,Istanbul,28.42,51,clear sky
2026-08-10T10:19:36.900634+00:00,Ankara,29.0,38,clear sky
2026-08-10T10:19:36.900634+00:00,İzmir,34.62,33,clear sky
2026-08-10T10:19:36.900634+00:00,Berlin,28.58,39,overcast clouds
2026-08-10T10:19:36.900634+00:00,London,23.57,55,broken clouds
2026-08-10T11:50:32.372839+00:00,Istanbul,29.53,76,clear sky
2026-08-10T11:50:32.372839+00:00,Ankara,30.11,34,clear sky
2026-08-10T11:50:32.372839+00:00,İzmir,36.29,21,clear sky
2026-08-10T11:50:32.372839+00:00,Berlin,30.18,37,overcast clouds
2026-08-10T11:50:32.372839+00:00,London,24.76,49,overcast clouds
2026-08-10T13:16:20.332929+00:00,Istanbul,28.42,75,clear sky
2026-08-10T13:16:20.332929+00:00,Ankara,30.67,31,broken clouds
2026-08-10T13:16:20.332929+00:00,İzmir,38.51,17,clear sky
2026-08-10T13:16:20.332929+00:00,Berlin,29.62,40,overcast clouds
2026-08-10T13:16:20.332929+00:00,London,26.24,44,overcast clouds
2026-08-10T15:01:49.044019+00:00,Istanbul,27.31,80,clear sky
2026-08-10T15:01:49.044019+00:00,Ankara,30.11,32,few clouds
2026-08-10T15:01:49.044019+00:00,İzmir,37.39,18,clear sky
2026-08-10T15:01:49.044019+00:00,Berlin,24.17,60,light rain
2026-08-10T15:01:49.044019+00:00,London,26.78,38,overcast clouds
2026-08-10T16:56:41.164114+00:00,Istanbul,25.09,82,clear sky
2026-08-10T16:56:41.164114+00:00,Ankara,28.45,38,few clouds
2026-08-10T16:56:41.164114+00:00,İzmir,35.73,39,clear sky
2026-08-10T16:56:41.164114+00:00,Berlin,23.07,58,overcast clouds
2026-08-10T16:56:41.164114+00:00,London,26.69,37,overcast clouds
2026-08-10T17:54:48.943244+00:00,Istanbul,24.53,75,clear sky
2026-08-10T17:54:48.943244+00:00,Ankara,27.34,39,clear sky
2026-08-10T17:54:48.943244+00:00,İzmir,33.51,47,clear sky
2026-08-10T17:54:48.943244+00:00,Berlin,22.97,58,broken clouds
2026-08-10T17:54:48.943244+00:00,London,26.05,45,overcast clouds
2026-08-10T19:01:52.085678+00:00,Istanbul,24.53,79,clear sky
2026-08-10T19:01:52.085678+00:00,Ankara,25.67,48,clear sky
2026-08-10T19:01:52.085678+00:00,İzmir,29.28,51,clear sky
2026-08-10T19:01:52.085678+00:00,Berlin,21.45,62,scattered clouds
2026-08-10T19:01:52.085678+00:00,London,22.43,65,broken clouds
2026-08-10T20:46:37.921341+00:00,Istanbul,24.53,90,clear sky
2026-08-10T20:46:37.921341+00:00,Ankara,24.56,54,clear sky
2026-08-10T20:46:37.921341+00:00,İzmir,26.39,57,clear sky
2026-08-10T20:46:37.921341+00:00,Berlin,18.87,68,few clouds
2026-08-10T20:46:37.921341+00:00,London,19.57,71,overcast clouds
2026-08-10T21:45:06.940465+00:00,Istanbul,23.42,92,clear sky
2026-08-10T21:45:06.940465+00:00,Ankara,24.0,57,clear sky
2026-08-10T21:45:06.940465+00:00,İzmir,25.83,61,clear sky
2026-08-10T21:45:06.940465+00:00,Berlin,19.07,62,few clouds
2026-08-10T21:45:06.940465+00:00,London,18.63,72,broken clouds
2026-08-10T22:41:16.691157+00:00,Istanbul,23.42,93,clear sky
2026-08-10T22:41:16.691157+00:00,Ankara,23.45,60,clear sky
2026-08-10T22:41:16.691157+00:00,İzmir,25.39,64,clear sky
2026-08-10T22:41:16.691157+00:00,Berlin,18.26,72,few clouds
2026-08-10T22:41:16.691157+00:00,London,18.03,72,broken clouds
2026-08-10T23:38:08.018013+00:00,Istanbul,23.42,94,clear sky
2026-08-10T23:38:08.018013+00:00,Ankara,22.34,62,clear sky
2026-08-10T23:38:08.018013+00:00,İzmir,24.98,66,clear sky
2026-08-10T23:38:08.018013+00:00,Berlin,17.29,72,clear sky
2026-08-10T23:38:08.018013+00:00,London,17.86,73,broken clouds
2026-08-11T01:59:03.511617+00:00,Istanbul,23.42,94,clear sky
2026-08-11T01:59:03.511617+00:00,Ankara,21.23,68,clear sky
2026-08-11T01:59:03.511617+00:00,İzmir,24.33,73,clear sky
2026-08-11T01:59:03.511617+00:00,Berlin,14.19,78,scattered clouds
2026-08-11T01:59:03.511617+00:00,London,16.69,77,scattered clouds
2026-08-11T03:51:22.208153+00:00,Istanbul,23.42,94,clear sky
2026-08-11T03:51:22.208153+00:00,Ankara,20.67,70,clear sky
2026-08-11T03:51:22.208153+00:00,İzmir,24.22,73,clear sky
2026-08-11T03:51:22.208153+00:00,Berlin,13.13,80,broken clouds
2026-08-11T03:51:22.208153+00:00,London,15.68,79,scattered clouds
2026-08-11T05:13:01.659423+00:00,Istanbul,24.53,98,clear sky
2026-08-11T05:13:01.659423+00:00,Ankara,22.34,63,clear sky
2026-08-11T05:13:01.659423+00:00,İzmir,28.51,63,clear sky
2026-08-11T05:13:01.659423+00:00,Berlin,13.88,79,broken clouds
2026-08-11T05:13:01.659423+00:00,London,15.24,81,scattered clouds
2026-08-11T07:13:30.917013+00:00,Istanbul,26.2,79,scattered clouds
2026-08-11T07:13:30.917013+00:00,Ankara,25.11,49,clear sky
2026-08-11T07:13:30.917013+00:00,İzmir,31.29,41,clear sky
2026-08-11T07:13:30.917013+00:00,Berlin,16.05,69,clear sky
2026-08-11T07:13:30.917013+00:00,London,18.05,78,clear sky
2026-08-11T09:01:35.477544+00:00,Istanbul,27.31,56,clear sky
2026-08-11T09:01:35.477544+00:00,Ankara,28.45,41,clear sky
2026-08-11T09:01:35.477544+00:00,İzmir,33.51,27,clear sky
2026-08-11T09:01:35.477544+00:00,Berlin,18.24,58,clear sky
2026-08-11T09:01:35.477544+00:00,London,21.17,64,clear sky
2026-08-11T10:52:23.486077+00:00,Istanbul,28.42,69,clear sky
2026-08-11T10:52:23.486077+00:00,Ankara,29.56,35,clear sky
2026-08-11T10:52:23.486077+00:00,İzmir,36.8,19,clear sky
2026-08-11T10:52:23.486077+00:00,Berlin,21.03,48,clear sky
2026-08-11T10:52:23.486077+00:00,London,23.8,54,clear sky
2026-08-11T11:47:22.084131+00:00,Istanbul,29.37,96,clear sky
2026-08-11T11:47:22.084131+00:00,Ankara,30.11,33,clear sky
2026-08-11T11:47:22.084131+00:00,İzmir,37.97,17,clear sky
2026-08-11T11:47:22.084131+00:00,Berlin,21.1,47,clear sky
2026-08-11T11:47:22.084131+00:00,London,24.52,51,clear sky
2026-08-11T13:12:49.705526+00:00,Istanbul,29.37,95,clear sky
2026-08-11T13:12:49.705526+00:00,Ankara,31.23,29,clear sky
2026-08-11T13:12:49.705526+00:00,İzmir,38.08,15,clear sky
2026-08-11T13:12:49.705526+00:00,Berlin,21.93,43,clear sky
2026-08-11T13:12:49.705526+00:00,London,25.34,49,few clouds
2026-08-11T15:01:22.064956+00:00,Istanbul,29.08,100,clear sky
2026-08-11T15:01:22.064956+00:00,Ankara,30.67,30,clear sky
2026-08-11T15:01:22.064956+00:00,İzmir,35.73,19,clear sky
2026-08-11T15:01:22.064956+00:00,Berlin,21.7,42,clear sky
2026-08-11T15:01:22.064956+00:00,London,25.44,48,clear sky
2026-08-11T16:59:57.347351+00:00,Istanbul,26.51,100,clear sky
2026-08-11T16:59:57.347351+00:00,Ankara,29.0,36,clear sky
2026-08-11T16:59:57.347351+00:00,İzmir,33.51,36,clear sky
2026-08-11T16:59:57.347351+00:00,Berlin,21.15,44,clear sky
2026-08-11T16:59:57.347351+00:00,London,24.58,48,clear sky
2026-08-11T18:02:06.797245+00:00,Istanbul,25.38,100,clear sky
2026-08-11T18:02:06.797245+00:00,Ankara,27.89,38,clear sky
2026-08-11T18:02:06.797245+00:00,İzmir,33.51,43,clear sky
2026-08-11T18:02:06.797245+00:00,Berlin,20.41,46,clear sky
2026-08-11T18:02:06.797245+00:00,London,23.07,55,few clouds
2026-08-11T20:00:53.964458+00:00,Istanbul,24.82,100,clear sky
2026-08-11T20:00:53.964458+00:00,Ankara,26.23,46,clear sky
2026-08-11T20:00:53.964458+00:00,İzmir,31.29,52,clear sky
2026-08-11T20:00:53.964458+00:00,Berlin,15.86,62,scattered clouds
2026-08-11T20:00:53.964458+00:00,London,20.06,67,few clouds
2026-08-11T21:52:30.152543+00:00,Istanbul,24.43,100,clear sky
2026-08-11T21:52:30.152543+00:00,Ankara,24.0,49,clear sky
2026-08-11T21:52:30.152543+00:00,İzmir,25.92,60,clear sky
2026-08-11T21:52:30.152543+00:00,Berlin,15.67,64,scattered clouds
2026-08-11T21:52:30.152543+00:00,London,18.98,75,few clouds
2026-08-11T22:47:45.695641+00:00,Istanbul,24.08,100,clear sky
2026-08-11T22:47:45.695641+00:00,Ankara,23.45,51,clear sky
2026-08-11T22:47:45.695641+00:00,İzmir,28.51,64,clear sky
2026-08-11T22:47:45.695641+00:00,Berlin,16.33,51,scattered clouds
2026-08-11T22:47:45.695641+00:00,London,18.59,78,few clouds
2026-08-11T23:44:28.145397+00:00,Istanbul,24.08,100,clear sky
2026-08-11T23:44:28.145397+00:00,Ankara,23.45,51,clear sky
2026-08-11T23:44:28.145397+00:00,İzmir,24.92,70,clear sky
2026-08-11T23:44:28.145397+00:00,Berlin,16.13,53,few clouds
2026-08-11T23:44:28.145397+00:00,London,17.98,80,few clouds
2026-08-12T02:11:47.926800+00:00,Istanbul,24.08,100,clear sky
2026-08-12T02:11:47.926800+00:00,Ankara,21.78,59,clear sky
2026-08-12T02:11:47.926800+00:00,İzmir,24.24,77,clear sky
2026-08-12T02:11:47.926800+00:00,Berlin,15.43,58,few clouds
2026-08-12T02:11:47.926800+00:00,London,16.92,83,few clouds
2026-08-12T04:49:39.380146+00:00,Istanbul,24.53,87,clear sky
2026-08-12T04:49:39.380146+00:00,Ankara,21.23,60,clear sky
2026-08-12T04:49:39.380146+00:00,İzmir,26.33,70,clear sky
2026-08-12T04:49:39.380146+00:00,Berlin,14.62,70,clear sky
2026-08-12T04:49:39.380146+00:00,London,16.35,86,few clouds
2026-08-12T06:17:21.807949+00:00,Istanbul,26.2,83,clear sky
2026-08-12T06:17:21.807949+00:00,Ankara,24.0,52,clear sky
2026-08-12T06:17:21.807949+00:00,İzmir,28.51,63,clear sky
2026-08-12T06:17:21.807949+00:00,Berlin,14.44,75,clear sky
2026-08-12T06:17:21.807949+00:00,London,17.41,82,scattered clouds
2026-08-12T08:20:35.556007+00:00,Istanbul,28.99,100,clear sky
2026-08-12T08:20:35.556007+00:00,Ankara,27.34,42,clear sky
2026-08-12T08:20:35.556007+00:00,İzmir,31.74,43,clear sky
2026-08-12T08:20:35.556007+00:00,Berlin,19.81,55,clear sky
2026-08-12T08:20:35.556007+00:00,London,22.64,59,few clouds
2026-08-12T10:09:44.632501+00:00,Istanbul,31.16,80,clear sky
2026-08-12T10:09:44.632501+00:00,Ankara,29.56,32,clear sky
2026-08-12T10:09:44.632501+00:00,İzmir,34.73,43,few clouds
2026-08-12T10:09:44.632501+00:00,Berlin,23.31,43,clear sky
2026-08-12T10:09:44.632501+00:00,London,26.12,47,few clouds
2026-08-12T11:50:21.236199+00:00,Istanbul,31.63,85,clear sky
2026-08-12T11:50:21.236199+00:00,Ankara,30.67,24,clear sky
2026-08-12T11:50:21.236199+00:00,İzmir,36.73,38,clear sky
2026-08-12T11:50:21.236199+00:00,Berlin,24.28,37,clear sky
2026-08-12T11:50:21.236199+00:00,London,29.56,37,few clouds
2026-08-12T13:17:07.418852+00:00,Istanbul,31.3,79,clear sky
2026-08-12T13:17:07.418852+00:00,Ankara,31.23,23,clear sky
2026-08-12T13:17:07.418852+00:00,İzmir,37.73,34,clear sky
2026-08-12T13:17:07.418852+00:00,Berlin,24.83,36,clear sky
2026-08-12T13:17:07.418852+00:00,London,31.25,32,few clouds
2026-08-12T15:01:09.590137+00:00,Istanbul,30.07,91,clear sky
2026-08-12T15:01:09.590137+00:00,Ankara,31.78,27,clear sky
2026-08-12T15:01:09.590137+00:00,İzmir,35.44,27,few clouds
2026-08-12T15:01:09.590137+00:00,Berlin,25.02,35,clear sky
2026-08-12T15:01:09.590137+00:00,London,32.77,32,few clouds
2026-08-12T16:59:02.370551+00:00,Istanbul,28.9,100,clear sky
2026-08-12T16:59:02.370551+00:00,Ankara,29.56,30,clear sky
2026-08-12T16:59:02.370551+00:00,İzmir,32.41,34,few clouds
2026-08-12T16:59:02.370551+00:00,Berlin,24.36,38,clear sky
2026-08-12T16:59:02.370551+00:00,London,32.53,35,scattered clouds
2026-08-12T18:01:22.819421+00:00,Istanbul,27.74,100,clear sky
2026-08-12T18:01:22.819421+00:00,Ankara,28.66,36,clear sky
2026-08-12T18:01:22.819421+00:00,İzmir,31.78,35,clear sky
2026-08-12T18:01:22.819421+00:00,Berlin,23.47,41,few clouds
2026-08-12T18:01:22.819421+00:00,London,30.22,38,scattered clouds
2026-08-12T20:00:58.323188+00:00,Istanbul,25.53,93,clear sky
2026-08-12T20:00:58.323188+00:00,Ankara,25.67,46,clear sky
2026-08-12T20:00:58.323188+00:00,İzmir,29.26,38,clear sky
2026-08-12T20:00:58.323188+00:00,Berlin,20.09,56,scattered clouds
2026-08-12T20:00:58.323188+00:00,London,25.58,49,clear sky
2026-08-12T21:50:44.025433+00:00,Istanbul,24.56,83,clear sky
2026-08-12T21:50:44.025433+00:00,Ankara,23.45,55,clear sky
2026-08-12T21:50:44.025433+00:00,İzmir,27.13,48,clear sky
2026-08-12T21:50:44.025433+00:00,Berlin,18.32,60,broken clouds
2026-08-12T21:50:44.025433+00:00,London,23.28,57,clear sky
2026-08-12T22:44:18.080891+00:00,Istanbul,25.5,94,clear sky
2026-08-12T22:44:18.080891+00:00,Ankara,22.89,57,clear sky
2026-08-12T22:44:18.080891+00:00,İzmir,30.73,39,clear sky
2026-08-12T22:44:18.080891+00:00,Berlin,17.92,67,broken clouds
2026-08-12T22:44:18.080891+00:00,London,22.23,63,clear sky
2026-08-12T23:45:46.216355+00:00,Istanbul,24.8,94,clear sky
2026-08-12T23:45:46.216355+00:00,Ankara,21.78,61,clear sky
2026-08-12T23:45:46.216355+00:00,İzmir,25.89,54,clear sky
2026-08-12T23:45:46.216355+00:00,Berlin,17.43,64,broken clouds
2026-08-12T23:45:46.216355+00:00,London,21.15,67,clear sky
2026-08-13T02:15:19.559450+00:00,Istanbul,26.46,100,clear sky
2026-08-13T02:15:19.559450+00:00,Ankara,20.11,66,clear sky
2026-08-13T02:15:19.559450+00:00,İzmir,27.4,54,overcast clouds
2026-08-13T02:15:19.559450+00:00,Berlin,16.76,52,broken clouds
2026-08-13T02:15:19.559450+00:00,London,19.24,76,clear sky
2026-08-13T04:53:58.341427+00:00,Istanbul,25.4,96,clear sky
2026-08-13T04:53:58.341427+00:00,Ankara,20.11,69,clear sky
2026-08-13T04:53:58.341427+00:00,İzmir,27.73,54,broken clouds
2026-08-13T04:53:58.341427+00:00,Berlin,17.09,68,broken clouds
2026-08-13T04:53:58.341427+00:00,London,18.11,80,clear sky
2026-08-13T06:19:24.228914+00:00,Istanbul,26.68,74,clear sky
2026-08-13T06:19:24.228914+00:00,Ankara,23.69,59,clear sky
2026-08-13T06:19:24.228914+00:00,İzmir,29.62,48,broken clouds
2026-08-13T06:19:24.228914+00:00,Berlin,16.49,70,broken clouds
2026-08-13T06:19:24.228914+00:00,London,19.32,79,clear sky
2026-08-13T08:23:35.931928+00:00,Istanbul,29.97,100,clear sky
2026-08-13T08:23:35.931928+00:00,Ankara,25.17,51,clear sky
2026-08-13T08:23:35.931928+00:00,İzmir,32.4,45,clear sky
2026-08-13T08:23:35.931928+00:00,Berlin,23.3,47,few clouds
2026-08-13T08:23:35.931928+00:00,London,25.68,57,clear sky
2026-08-13T10:10:44.259633+00:00,Istanbul,29.53,74,clear sky
2026-08-13T10:10:44.259633+00:00,Ankara,27.34,41,clear sky
2026-08-13T10:10:44.259633+00:00,İzmir,36.29,29,clear sky
2026-08-13T10:10:44.259633+00:00,Berlin,26.01,39,scattered clouds
2026-08-13T10:10:44.259633+00:00,London,30.75,38,clear sky
2026-08-13T11:50:47.066285+00:00,Istanbul,29.21,100,clear sky
2026-08-13T11:50:47.066285+00:00,Ankara,28.45,35,clear sky
2026-08-13T11:50:47.066285+00:00,İzmir,37.4,26,clear sky
2026-08-13T11:50:47.066285+00:00,Berlin,27.32,36,few clouds
2026-08-13T11:50:47.066285+00:00,London,34.13,27,clear sky
2026-08-13T13:19:07.828297+00:00,Istanbul,28.71,100,clear sky
2026-08-13T13:19:07.828297+00:00,Ankara,29.56,33,clear sky
2026-08-13T13:19:07.828297+00:00,İzmir,38.51,22,clear sky
2026-08-13T13:19:07.828297+00:00,Berlin,27.63,32,few clouds
2026-08-13T13:19:07.828297+00:00,London,35.43,25,clear sky
2026-08-13T15:00:53.446367+00:00,Istanbul,27.72,90,clear sky
2026-08-13T15:00:53.446367+00:00,Ankara,30.11,30,clear sky
2026-08-13T15:00:53.446367+00:00,İzmir,37.4,26,clear sky
2026-08-13T15:00:53.446367+00:00,Berlin,28.82,30,few clouds
2026-08-13T15:00:53.446367+00:00,London,35.99,24,clear sky
2026-08-13T16:58:57.709438+00:00,Istanbul,26.9,96,clear sky
2026-08-13T16:58:57.709438+00:00,Ankara,27.34,40,scattered clouds
2026-08-13T16:58:57.709438+00:00,İzmir,35.73,36,clear sky
2026-08-13T16:58:57.709438+00:00,Berlin,26.89,32,clear sky
2026-08-13T16:58:57.709438+00:00,London,35.81,24,clear sky
2026-08-13T18:01:07.753199+00:00,Istanbul,24.82,100,clear sky
2026-08-13T18:01:07.753199+00:00,Ankara,26.18,49,few clouds
2026-08-13T18:01:07.753199+00:00,İzmir,30.45,48,clear sky
2026-08-13T18:01:07.753199+00:00,Berlin,26.08,34,clear sky
2026-08-13T18:01:07.753199+00:00,London,33.74,27,clear sky
2026-08-13T19:56:22.294280+00:00,Istanbul,24.47,100,clear sky
2026-08-13T19:56:22.294280+00:00,Ankara,24.0,54,clear sky
2026-08-13T19:56:22.294280+00:00,İzmir,30.73,48,clear sky
2026-08-13T19:56:22.294280+00:00,Berlin,20.8,49,few clouds
2026-08-13T19:56:22.294280+00:00,London,30.29,33,clear sky
2026-08-13T20:52:00.472241+00:00,Istanbul,24.4,91,clear sky
2026-08-13T20:52:00.472241+00:00,Ankara,22.89,59,clear sky
2026-08-13T20:52:00.472241+00:00,İzmir,30.73,48,clear sky
2026-08-13T20:52:00.472241+00:00,Berlin,21.37,48,few clouds
2026-08-13T20:52:00.472241+00:00,London,26.9,41,clear sky
2026-08-13T21:50:36.754391+00:00,Istanbul,24.4,91,clear sky
2026-08-13T21:50:36.754391+00:00,Ankara,21.78,63,clear sky
2026-08-13T21:50:36.754391+00:00,İzmir,29.73,51,clear sky
2026-08-13T21:50:36.754391+00:00,Berlin,18.66,58,few clouds
2026-08-13T21:50:36.754391+00:00,London,25.3,46,clear sky
2026-08-13T22:46:13.914215+00:00,Istanbul,23.71,91,few clouds
2026-08-13T22:46:13.914215+00:00,Ankara,21.23,65,clear sky
2026-08-13T22:46:13.914215+00:00,İzmir,28.73,54,clear sky
2026-08-13T22:46:13.914215+00:00,Berlin,17.39,64,clear sky
2026-08-13T22:46:13.914215+00:00,London,24.77,47,clear sky
2026-08-13T23:45:05.075773+00:00,Istanbul,23.3,91,few clouds
2026-08-13T23:45:05.075773+00:00,Ankara,20.11,69,clear sky
2026-08-13T23:45:05.075773+00:00,İzmir,28.73,54,clear sky
2026-08-13T23:45:05.075773+00:00,Berlin,16.3,69,clear sky
2026-08-13T23:45:05.075773+00:00,London,24.05,45,clear sky
2026-08-14T02:11:53.149403+00:00,Istanbul,22.95,92,few clouds
2026-08-14T02:11:53.149403+00:00,Ankara,19.0,71,clear sky
2026-08-14T02:11:53.149403+00:00,İzmir,26.73,61,clear sky
2026-08-14T02:11:53.149403+00:00,Berlin,17.52,54,clear sky
2026-08-14T02:11:53.149403+00:00,London,22.18,52,broken clouds
2026-08-14T04:50:49.668316+00:00,Istanbul,23.68,69,few clouds
2026-08-14T04:50:49.668316+00:00,Ankara,19.0,73,clear sky
2026-08-14T04:50:49.668316+00:00,İzmir,25.73,61,clear sky
2026-08-14T04:50:49.668316+00:00,Berlin,16.58,58,clear sky
2026-08-14T04:50:49.668316+00:00,London,20.34,64,scattered clouds
2026-08-14T06:16:49.096628+00:00,Istanbul,26.1,89,clear sky
2026-08-14T06:16:49.096628+00:00,Ankara,20.67,67,clear sky
2026-08-14T06:16:49.096628+00:00,İzmir,28.51,64,clear sky
2026-08-14T06:16:49.096628+00:00,Berlin,17.76,61,clear sky
2026-08-14T06:16:49.096628+00:00,London,20.65,68,scattered clouds
2026-08-14T08:18:37.032132+00:00,Istanbul,26.62,100,few clouds
2026-08-14T08:18:37.032132+00:00,Ankara,23.69,54,clear sky
2026-08-14T08:18:37.032132+00:00,İzmir,30.73,48,clear sky
2026-08-14T08:18:37.032132+00:00,Berlin,24.4,44,clear sky
2026-08-14T08:18:37.032132+00:00,London,25.13,58,clear sky
2026-08-14T10:06:27.153065+00:00,Istanbul,27.31,42,few clouds
2026-08-14T10:06:27.153065+00:00,Ankara,24.68,50,clear sky
2026-08-14T10:06:27.153065+00:00,İzmir,33.51,34,clear sky
2026-08-14T10:06:27.153065+00:00,Berlin,28.67,34,clear sky
2026-08-14T10:06:27.153065+00:00,London,28.81,49,clear sky
2026-08-14T11:47:10.852166+00:00,Istanbul,27.6,69,few clouds
2026-08-14T11:47:10.852166+00:00,Ankara,26.23,42,clear sky
2026-08-14T11:47:10.852166+00:00,İzmir,35.73,34,clear sky
2026-08-14T11:47:10.852166+00:00,Berlin,30.02,28,clear sky
2026-08-14T11:47:10.852166+00:00,London,31.8,41,clear sky
2026-08-14T13:13:42.522758+00:00,Istanbul,26.85,68,clear sky
2026-08-14T13:13:42.522758+00:00,Ankara,26.78,39,clear sky
2026-08-14T13:13:42.522758+00:00,İzmir,35.73,31,clear sky
2026-08-14T13:13:42.522758+00:00,Berlin,32.14,26,clear sky
2026-08-14T13:13:42.522758+00:00,London,33.75,35,overcast clouds
2026-08-14T14:54:45.002619+00:00,Istanbul,26.5,79,clear sky
2026-08-14T14:54:45.002619+00:00,Ankara,27.17,42,clear sky
2026-08-14T14:54:45.002619+00:00,İzmir,34.62,31,clear sky
2026-08-14T14:54:45.002619+00:00,Berlin,32.08,25,broken clouds
2026-08-14T14:54:45.002619+00:00,London,34.58,33,broken clouds
2026-08-14T15:55:08.364522+00:00,Istanbul,26.15,84,clear sky
2026-08-14T15:55:08.364522+00:00,Ankara,25.68,45,clear sky
2026-08-14T15:55:08.364522+00:00,İzmir,33.51,33,clear sky
2026-08-14T15:55:08.364522+00:00,Berlin,30.73,28,scattered clouds
2026-08-14T15:55:08.364522+00:00,London,34.46,33,broken clouds
2026-08-14T16:57:25.969900+00:00,Istanbul,24.45,87,clear sky
2026-08-14T16:57:25.969900+00:00,Ankara,24.68,46,few clouds
2026-08-14T16:57:25.969900+00:00,İzmir,31.29,35,clear sky
2026-08-14T16:57:25.969900+00:00,Berlin,30.42,29,scattered clouds
2026-08-14T16:57:25.969900+00:00,London,34.22,34,scattered clouds
2026-08-14T17:57:24.910056+00:00,Istanbul,23.7,87,clear sky
2026-08-14T17:57:24.910056+00:00,Ankara,23.69,48,scattered clouds
2026-08-14T17:57:24.910056+00:00,İzmir,29.62,39,clear sky
2026-08-14T17:57:24.910056+00:00,Berlin,29.28,31,scattered clouds
2026-08-14T17:57:24.910056+00:00,London,33.15,35,scattered clouds
2026-08-14T19:04:46.331773+00:00,Istanbul,23.7,88,clear sky
2026-08-14T19:04:46.331773+00:00,Ankara,21.78,53,few clouds
2026-08-14T19:04:46.331773+00:00,İzmir,28.51,39,clear sky
2026-08-14T19:04:46.331773+00:00,Berlin,25.92,43,few clouds
2026-08-14T19:04:46.331773+00:00,London,31.45,38,clear sky
2026-08-14T20:34:40.327934+00:00,Istanbul,22.95,88,clear sky
2026-08-14T20:34:40.327934+00:00,Ankara,19.56,57,few clouds
2026-08-14T20:34:40.327934+00:00,İzmir,26.73,41,clear sky
2026-08-14T20:34:40.327934+00:00,Berlin,23.72,47,scattered clouds
2026-08-14T20:34:40.327934+00:00,London,27.84,49,few clouds
2026-08-14T21:28:11.088584+00:00,Istanbul,22.39,53,clear sky
2026-08-14T21:28:11.088584+00:00,Ankara,18.45,59,few clouds
2026-08-14T21:28:11.088584+00:00,İzmir,26.73,41,clear sky
2026-08-14T21:28:11.088584+00:00,Berlin,24.02,38,scattered clouds
2026-08-14T21:28:11.088584+00:00,London,25.75,54,scattered clouds
2026-08-14T22:26:42.723021+00:00,Istanbul,23.3,88,clear sky
2026-08-14T22:26:42.723021+00:00,Ankara,17.89,62,clear sky
2026-08-14T22:26:42.723021+00:00,İzmir,26.73,41,clear sky
2026-08-14T22:26:42.723021+00:00,Berlin,22.89,40,scattered clouds
2026-08-14T22:26:42.723021+00:00,London,24.41,58,broken clouds
2026-08-14T23:25:00.738199+00:00,Istanbul,22.6,89,clear sky
2026-08-14T23:25:00.738199+00:00,Ankara,17.34,63,clear sky
2026-08-14T23:25:00.738199+00:00,İzmir,25.73,47,clear sky
2026-08-14T23:25:00.738199+00:00,Berlin,22.21,40,scattered clouds
2026-08-14T23:25:00.738199+00:00,London,23.72,60,broken clouds
2026-08-15T01:24:37.496476+00:00,Istanbul,21.9,89,few clouds
2026-08-15T01:24:37.496476+00:00,Ankara,16.23,67,clear sky
2026-08-15T01:24:37.496476+00:00,İzmir,24.73,50,clear sky
2026-08-15T01:24:37.496476+00:00,Berlin,21.16,44,clear sky
2026-08-15T01:24:37.496476+00:00,London,23.35,63,overcast clouds
2026-08-15T02:54:22.491041+00:00,Istanbul,21.53,100,broken clouds
2026-08-15T02:54:22.491041+00:00,Ankara,15.67,71,clear sky
2026-08-15T02:54:22.491041+00:00,İzmir,23.73,56,clear sky
2026-08-15T02:54:22.491041+00:00,Berlin,19.96,48,clear sky
2026-08-15T02:54:22.491041+00:00,London,22.55,66,overcast clouds
2026-08-15T03:42:09.650936+00:00,Istanbul,21.53,100,broken clouds
2026-08-15T03:42:09.650936+00:00,Ankara,15.11,72,clear sky
2026-08-15T03:42:09.650936+00:00,İzmir,23.73,56,clear sky
2026-08-15T03:42:09.650936+00:00,Berlin,19.16,51,clear sky
2026-08-15T03:42:09.650936+00:00,London,21.85,66,overcast clouds
2026-08-15T04:34:45.332640+00:00,Istanbul,21.85,89,broken clouds
2026-08-15T04:34:45.332640+00:00,Ankara,15.67,70,clear sky
2026-08-15T04:34:45.332640+00:00,İzmir,23.73,56,clear sky
2026-08-15T04:34:45.332640+00:00,Berlin,19.25,48,clear sky
2026-08-15T04:34:45.332640+00:00,London,21.14,66,light rain
2026-08-15T05:27:44.853693+00:00,Istanbul,23.47,53,broken clouds
2026-08-15T05:27:44.853693+00:00,Ankara,16.23,64,clear sky
2026-08-15T05:27:44.853693+00:00,İzmir,24.62,57,clear sky
2026-08-15T05:27:44.853693+00:00,Berlin,18.89,46,clear sky
2026-08-15T05:27:44.853693+00:00,London,20.47,67,overcast clouds
2026-08-15T06:42:31.871217+00:00,Istanbul,24.56,47,clear sky
2026-08-15T06:42:31.871217+00:00,Ankara,19.0,43,clear sky
2026-08-15T06:42:31.871217+00:00,İzmir,26.29,50,clear sky
2026-08-15T06:42:31.871217+00:00,Berlin,25.97,47,clear sky
2026-08-15T06:42:31.871217+00:00,London,20.19,69,overcast clouds
2026-08-15T07:33:31.132092+00:00,Istanbul,25.09,41,clear sky
2026-08-15T07:33:31.132092+00:00,Ankara,20.11,38,clear sky
2026-08-15T07:33:31.132092+00:00,İzmir,27.4,47,clear sky
2026-08-15T07:33:31.132092+00:00,Berlin,25.73,41,clear sky
2026-08-15T07:33:31.132092+00:00,London,20.72,71,overcast clouds
2026-08-15T08:32:52.030203+00:00,Istanbul,26.53,91,clear sky
2026-08-15T08:32:52.030203+00:00,Ankara,21.23,37,clear sky
2026-08-15T08:32:52.030203+00:00,İzmir,28.51,42,clear sky
2026-08-15T08:32:52.030203+00:00,Berlin,27.93,38,clear sky
2026-08-15T08:32:52.030203+00:00,London,22.48,71,overcast clouds
2026-08-15T09:28:49.294704+00:00,Istanbul,26.53,80,clear sky
2026-08-15T09:28:49.294704+00:00,Ankara,22.89,35,clear sky
2026-08-15T09:28:49.294704+00:00,İzmir,29.62,39,clear sky
2026-08-15T09:28:49.294704+00:00,Berlin,30.73,34,clear sky
2026-08-15T09:28:49.294704+00:00,London,23.99,68,overcast clouds
2026-08-15T10:26:29.294203+00:00,Istanbul,27.31,34,clear sky
2026-08-15T10:26:29.294203+00:00,Ankara,24.18,39,clear sky
2026-08-15T10:26:29.294203+00:00,İzmir,31.29,33,clear sky
2026-08-15T10:26:29.294203+00:00,Berlin,32.12,32,clear sky
2026-08-15T10:26:29.294203+00:00,London,25.17,62,overcast clouds
2026-08-15T11:23:04.886493+00:00,Istanbul,27.95,48,clear sky
2026-08-15T11:23:04.886493+00:00,Ankara,24.18,40,clear sky
2026-08-15T11:23:04.886493+00:00,İzmir,32.4,33,clear sky
2026-08-15T11:23:04.886493+00:00,Berlin,34.63,27,clear sky
2026-08-15T11:23:04.886493+00:00,London,26.14,58,overcast clouds
2026-08-15T12:43:20.747985+00:00,Istanbul,26.9,71,clear sky
2026-08-15T12:43:20.747985+00:00,Ankara,25.17,41,clear sky
2026-08-15T12:43:20.747985+00:00,İzmir,32.4,31,clear sky
2026-08-15T12:43:20.747985+00:00,Berlin,34.87,24,clear sky
2026-08-15T12:43:20.747985+00:00,London,26.91,54,overcast clouds
2026-08-15T13:32:44.938950+00:00,Istanbul,26.5,73,clear sky
2026-08-15T13:32:44.938950+00:00,Ankara,25.17,42,clear sky
2026-08-15T13:32:44.938950+00:00,İzmir,33.51,29,clear sky
2026-08-15T13:32:44.938950+00:00,Berlin,34.98,25,clear sky
2026-08-15T13:32:44.938950+00:00,London,27.62,52,overcast clouds
2026-08-15T14:26:17.680470+00:00,Istanbul,26.15,72,clear sky
2026-08-15T14:26:17.680470+00:00,Ankara,25.17,41,clear sky
2026-08-15T14:26:17.680470+00:00,İzmir,33.51,29,clear sky
2026-08-15T14:26:17.680470+00:00,Berlin,34.74,24,clear sky
2026-08-15T14:26:17.680470+00:00,London,27.63,51,overcast clouds
2026-08-15T15:24:46.383612+00:00,Istanbul,25.05,84,clear sky
2026-08-15T15:24:46.383612+00:00,Ankara,25.17,42,clear sky
2026-08-15T15:24:46.383612+00:00,İzmir,33.51,29,clear sky
2026-08-15T15:24:46.383612+00:00,Berlin,34.05,29,clear sky
2026-08-15T15:24:46.383612+00:00,London,27.69,52,overcast clouds
2026-08-15T16:28:22.647783+00:00,Istanbul,24.8,85,clear sky
2026-08-15T16:28:22.647783+00:00,Ankara,24.18,44,clear sky
2026-08-15T16:28:22.647783+00:00,İzmir,31.29,31,clear sky
2026-08-15T16:28:22.647783+00:00,Berlin,32.63,32,clear sky
2026-08-15T16:28:22.647783+00:00,London,26.49,54,overcast clouds
2026-08-15T17:23:26.713956+00:00,Istanbul,23.7,86,clear sky
2026-08-15T17:23:26.713956+00:00,Ankara,23.69,46,clear sky
2026-08-15T17:23:26.713956+00:00,İzmir,30.73,35,clear sky
2026-08-15T17:23:26.713956+00:00,Berlin,30.61,39,clear sky
2026-08-15T17:23:26.713956+00:00,London,25.9,57,overcast clouds
2026-08-15T18:33:48.422783+00:00,Istanbul,23.35,87,clear sky
2026-08-15T18:33:48.422783+00:00,Ankara,22.34,46,clear sky
2026-08-15T18:33:48.422783+00:00,İzmir,29.73,34,clear sky
2026-08-15T18:33:48.422783+00:00,Berlin,28.53,43,scattered clouds
2026-08-15T18:33:48.422783+00:00,London,24.86,60,overcast clouds
2026-08-15T19:24:04.565665+00:00,Istanbul,23.35,88,clear sky
2026-08-15T19:24:04.565665+00:00,Ankara,21.78,51,clear sky
2026-08-15T19:24:04.565665+00:00,İzmir,28.73,36,clear sky
2026-08-15T19:24:04.565665+00:00,Berlin,27.23,49,few clouds
2026-08-15T19:24:04.565665+00:00,London,24.16,65,overcast clouds
2026-08-15T20:26:27.228984+00:00,Istanbul,22.6,88,clear sky
2026-08-15T20:26:27.228984+00:00,Ankara,20.11,58,clear sky
2026-08-15T20:26:27.228984+00:00,İzmir,27.73,39,clear sky
2026-08-15T20:26:27.228984+00:00,Berlin,25.68,53,scattered clouds
2026-08-15T20:26:27.228984+00:00,London,22.41,75,overcast clouds
2026-08-15T21:23:46.302760+00:00,Istanbul,22.6,89,few clouds
2026-08-15T21:23:46.302760+00:00,Ankara,19.0,62,clear sky
2026-08-15T21:23:46.302760+00:00,İzmir,27.73,41,clear sky
2026-08-15T21:23:46.302760+00:00,Berlin,24.89,55,broken clouds
2026-08-15T21:23:46.302760+00:00,London,21.19,78,overcast clouds
2026-08-15T22:25:27.637522+00:00,Istanbul,22.2,100,clear sky
2026-08-15T22:25:27.637522+00:00,Ankara,18.45,62,clear sky
2026-08-15T22:25:27.637522+00:00,İzmir,26.73,47,clear sky
2026-08-15T22:25:27.637522+00:00,Berlin,23.58,59,broken clouds
2026-08-15T22:25:27.637522+00:00,London,20.38,81,overcast clouds
2026-08-15T23:23:01.867498+00:00,Istanbul,21.5,89,clear sky
2026-08-15T23:23:01.867498+00:00,Ankara,17.89,63,clear sky
2026-08-15T23:23:01.867498+00:00,İzmir,25.73,50,clear sky
2026-08-15T23:23:01.867498+00:00,Berlin,22.98,61,broken clouds
2026-08-15T23:23:01.867498+00:00,London,19.86,82,broken clouds
2026-08-16T01:35:51.783071+00:00,Istanbul,20.65,100,clear sky
2026-08-16T01:35:51.783071+00:00,Ankara,16.23,68,clear sky
2026-08-16T01:35:51.783071+00:00,İzmir,24.73,53,overcast clouds
2026-08-16T01:35:51.783071+00:00,Berlin,21.39,73,overcast clouds
2026-08-16T01:35:51.783071+00:00,London,18.66,83,overcast clouds
2026-08-16T03:03:33.115966+00:00,Istanbul,21.09,100,clear sky
2026-08-16T03:03:33.115966+00:00,Ankara,15.67,68,clear sky
2026-08-16T03:03:33.115966+00:00,İzmir,24.73,53,overcast clouds
2026-08-16T03:03:33.115966+00:00,Berlin,19.72,82,heavy intensity rain
2026-08-16T03:03:33.115966+00:00,London,17.93,86,broken clouds
2026-08-16T04:39:20.640942+00:00,Istanbul,20.43,68,clear sky
2026-08-16T04:39:20.640942+00:00,Ankara,16.78,61,clear sky
2026-08-16T04:39:20.640942+00:00,İzmir,24.73,53,overcast clouds
2026-08-16T04:39:20.640942+00:00,Berlin,17.5,90,moderate rain
2026-08-16T04:39:20.640942+00:00,London,16.94,85,overcast clouds
2026-08-16T05:31:47.724356+00:00,Istanbul,23.42,57,clear sky
2026-08-16T05:31:47.724356+00:00,Ankara,18.45,56,clear sky
2026-08-16T05:31:47.724356+00:00,İzmir,24.73,53,overcast clouds
2026-08-16T05:31:47.724356+00:00,Berlin,17.62,89,moderate rain
2026-08-16T05:31:47.724356+00:00,London,16.8,85,overcast clouds
2026-08-16T06:45:00.686461+00:00,Istanbul,24.53,50,scattered clouds
2026-08-16T06:45:00.686461+00:00,Ankara,20.11,51,scattered clouds
2026-08-16T06:45:00.686461+00:00,İzmir,26.73,44,overcast clouds
2026-08-16T06:45:00.686461+00:00,Berlin,16.88,92,overcast clouds
2026-08-16T06:45:00.686461+00:00,London,17.43,84,overcast clouds
2026-08-16T07:33:26.923528+00:00,Istanbul,27.2,96,overcast clouds
2026-08-16T07:33:26.923528+00:00,Ankara,21.23,48,few clouds
2026-08-16T07:33:26.923528+00:00,İzmir,27.73,41,overcast clouds
2026-08-16T07:33:26.923528+00:00,Berlin,16.67,92,moderate rain
2026-08-16T07:33:26.923528+00:00,London,18.53,80,overcast clouds
2026-08-16T08:33:41.367952+00:00,Istanbul,26.75,90,overcast clouds
2026-08-16T08:33:41.367952+00:00,Ankara,23.69,47,few clouds
2026-08-16T08:33:41.367952+00:00,İzmir,28.51,39,overcast clouds
2026-08-16T08:33:41.367952+00:00,Berlin,16.46,92,moderate rain
2026-08-16T08:33:41.367952+00:00,London,20.41,76,overcast clouds
2026-08-16T09:30:04.975086+00:00,Istanbul,26.2,44,overcast clouds
2026-08-16T09:30:04.975086+00:00,Ankara,24.18,42,scattered clouds
2026-08-16T09:30:04.975086+00:00,İzmir,28.51,42,overcast clouds
2026-08-16T09:30:04.975086+00:00,Berlin,17.94,89,overcast clouds
2026-08-16T09:30:04.975086+00:00,London,21.47,72,overcast clouds
2026-08-16T10:26:40.587836+00:00,Istanbul,27.31,42,overcast clouds
2026-08-16T10:26:40.587836+00:00,Ankara,24.68,39,scattered clouds
2026-08-16T10:26:40.587836+00:00,İzmir,31.29,35,overcast clouds
2026-08-16T10:26:40.587836+00:00,Berlin,20.07,79,overcast clouds
2026-08-16T10:26:40.587836+00:00,London,22.53,66,overcast clouds
2026-08-16T11:22:54.562327+00:00,Istanbul,28.3,64,overcast clouds
2026-08-16T11:22:54.562327+00:00,Ankara,25.17,42,scattered clouds
2026-08-16T11:22:54.562327+00:00,İzmir,31.29,37,broken clouds
2026-08-16T11:22:54.562327+00:00,Berlin,21.86,65,overcast clouds
2026-08-16T11:22:54.562327+00:00,London,23.43,63,overcast clouds
2026-08-16T12:45:08.857158+00:00,Istanbul,27.2,76,overcast clouds
2026-08-16T12:45:08.857158+00:00,Ankara,26.18,42,broken clouds
2026-08-16T12:45:08.857158+00:00,İzmir,30.73,37,clear sky
2026-08-16T12:45:08.857158+00:00,Berlin,24.02,63,broken clouds
2026-08-16T12:45:08.857158+00:00,London,24.63,59,overcast clouds
2026-08-16T13:33:45.448577+00:00,Istanbul,26.9,82,overcast clouds
2026-08-16T13:33:45.448577+00:00,Ankara,26.67,40,clear sky
2026-08-16T13:33:45.448577+00:00,İzmir,31.29,33,clear sky
2026-08-16T13:33:45.448577+00:00,Berlin,23.48,60,broken clouds
2026-08-16T13:33:45.448577+00:00,London,25.28,56,overcast clouds
2026-08-16T14:26:45.645890+00:00,Istanbul,26.75,69,overcast clouds
2026-08-16T14:26:45.645890+00:00,Ankara,26.18,42,clear sky
2026-08-16T14:26:45.645890+00:00,İzmir,31.29,33,clear sky
2026-08-16T14:26:45.645890+00:00,Berlin,23.9,56,broken clouds
2026-08-16T14:26:45.645890+00:00,London,25.86,53,overcast clouds
2026-08-16T15:25:13.316915+00:00,Istanbul,26.2,76,overcast clouds
2026-08-16T15:25:13.316915+00:00,Ankara,26.18,42,clear sky
2026-08-16T15:25:13.316915+00:00,İzmir,31.29,33,clear sky
2026-08-16T15:25:13.316915+00:00,Berlin,24.22,57,broken clouds
2026-08-16T15:25:13.316915+00:00,London,26.16,52,overcast clouds
2026-08-16T16:29:00.733796+00:00,Istanbul,25.05,87,broken clouds
2026-08-16T16:29:00.733796+00:00,Ankara,25.17,44,clear sky
2026-08-16T16:29:00.733796+00:00,İzmir,29.62,39,clear sky
2026-08-16T16:29:00.733796+00:00,Berlin,23.45,56,scattered clouds
2026-08-16T16:29:00.733796+00:00,London,26.0,53,overcast clouds
2026-08-16T17:22:40.640816+00:00,Istanbul,24.05,89,broken clouds
2026-08-16T17:22:40.640816+00:00,Ankara,24.18,48,few clouds
2026-08-16T17:22:40.640816+00:00,İzmir,28.51,42,few clouds
2026-08-16T17:22:40.640816+00:00,Berlin,23.8,41,scattered clouds
2026-08-16T17:22:40.640816+00:00,London,26.01,54,overcast clouds
2026-08-16T18:33:17.949427+00:00,Istanbul,23.7,91,broken clouds
2026-08-16T18:33:17.949427+00:00,Ankara,22.34,55,scattered clouds
2026-08-16T18:33:17.949427+00:00,İzmir,27.4,44,clear sky
2026-08-16T18:33:17.949427+00:00,Berlin,21.24,58,scattered clouds
2026-08-16T18:33:17.949427+00:00,London,25.21,55,overcast clouds
2026-08-16T19:23:37.198274+00:00,Istanbul,23.7,89,scattered clouds
2026-08-16T19:23:37.198274+00:00,Ankara,21.23,61,broken clouds
2026-08-16T19:23:37.198274+00:00,İzmir,27.73,41,clear sky
2026-08-16T19:23:37.198274+00:00,Berlin,19.98,71,overcast clouds
2026-08-16T19:23:37.198274+00:00,London,24.38,58,overcast clouds
2026-08-16T20:26:11.078922+00:00,Istanbul,24.74,100,scattered clouds
2026-08-16T20:26:11.078922+00:00,Ankara,20.11,65,scattered clouds
2026-08-16T20:26:11.078922+00:00,İzmir,26.73,44,clear sky
2026-08-16T20:26:11.078922+00:00,Berlin,19.86,61,overcast clouds
2026-08-16T20:26:11.078922+00:00,London,23.3,63,overcast clouds
2026-08-16T21:23:17.701705+00:00,Istanbul,22.95,92,scattered clouds
2026-08-16T21:23:17.701705+00:00,Ankara,19.56,67,broken clouds
2026-08-16T21:23:17.701705+00:00,İzmir,25.73,47,clear sky
2026-08-16T21:23:17.701705+00:00,Berlin,18.76,67,overcast clouds
2026-08-16T21:23:17.701705+00:00,London,22.7,66,broken clouds
2026-08-16T22:24:49.711380+00:00,Istanbul,22.95,92,few clouds
2026-08-16T22:24:49.711380+00:00,Ankara,19.0,70,broken clouds
2026-08-16T22:24:49.711380+00:00,İzmir,25.73,47,clear sky
2026-08-16T22:24:49.711380+00:00,Berlin,18.83,68,overcast clouds
2026-08-16T22:24:49.711380+00:00,London,22.35,70,overcast clouds
2026-08-16T23:22:47.094381+00:00,Istanbul,22.6,92,few clouds
2026-08-16T23:22:47.094381+00:00,Ankara,19.0,71,broken clouds
2026-08-16T23:22:47.094381+00:00,İzmir,24.73,53,clear sky
2026-08-16T23:22:47.094381+00:00,Berlin,18.13,75,overcast clouds
2026-08-16T23:22:47.094381+00:00,London,21.63,72,overcast clouds
2026-08-17T01:26:43.408865+00:00,Istanbul,21.5,93,clear sky
2026-08-17T01:26:43.408865+00:00,Ankara,18.45,74,overcast clouds
2026-08-17T01:26:43.408865+00:00,İzmir,22.4,56,clear sky
2026-08-17T01:26:43.408865+00:00,Berlin,17.2,77,broken clouds
2026-08-17T01:26:43.408865+00:00,London,20.47,70,overcast clouds
2026-08-17T03:02:48.425289+00:00,Istanbul,21.5,93,clear sky
2026-08-17T03:02:48.425289+00:00,Ankara,17.89,76,broken clouds
2026-08-17T03:02:48.425289+00:00,İzmir,22.4,60,clear sky
2026-08-17T03:02:48.425289+00:00,Berlin,14.53,94,broken clouds
2026-08-17T03:02:48.425289+00:00,London,20.2,59,overcast clouds
2026-08-17T04:46:14.159215+00:00,Istanbul,22.39,68,clear sky
2026-08-17T04:46:14.159215+00:00,Ankara,17.89,74,scattered clouds
2026-08-17T04:46:14.159215+00:00,İzmir,23.73,56,clear sky
2026-08-17T04:46:14.159215+00:00,Berlin,14.47,95,overcast clouds
2026-08-17T04:46:14.159215+00:00,London,19.08,59,overcast clouds
2026-08-17T05:37:21.128669+00:00,Istanbul,22.31,64,clear sky
2026-08-17T05:37:21.128669+00:00,Ankara,19.56,69,scattered clouds
2026-08-17T05:37:21.128669+00:00,İzmir,23.51,53,clear sky
2026-08-17T05:37:21.128669+00:00,Berlin,17.35,82,overcast clouds
2026-08-17T05:37:21.128669+00:00,London,18.57,64,overcast clouds
2026-08-17T07:02:03.786084+00:00,Istanbul,24.53,57,clear sky
2026-08-17T07:02:03.786084+00:00,Ankara,21.78,60,clear sky
2026-08-17T07:02:03.786084+00:00,İzmir,26.29,47,clear sky
2026-08-17T07:02:03.786084+00:00,Berlin,19.27,75,overcast clouds
2026-08-17T07:02:03.786084+00:00,London,19.24,64,overcast clouds
2026-08-17T08:47:11.258372+00:00,Istanbul,27.07,77,clear sky
2026-08-17T08:47:11.258372+00:00,Ankara,24.68,51,clear sky
2026-08-17T08:47:11.258372+00:00,İzmir,28.51,44,clear sky
2026-08-17T08:47:11.258372+00:00,Berlin,20.39,70,light rain
2026-08-17T08:47:11.258372+00:00,London,21.42,58,overcast clouds
2026-08-17T09:45:47.534482+00:00,Istanbul,26.2,47,clear sky
2026-08-17T09:45:47.534482+00:00,Ankara,25.68,48,clear sky
2026-08-17T09:45:47.534482+00:00,İzmir,30.73,39,clear sky
2026-08-17T09:45:47.534482+00:00,Berlin,19.91,68,overcast clouds
2026-08-17T09:45:47.534482+00:00,London,23.49,54,broken clouds
2026-08-17T10:35:04.200192+00:00,Istanbul,25.09,61,clear sky
2026-08-17T10:35:04.200192+00:00,Ankara,26.67,45,clear sky
2026-08-17T10:35:04.200192+00:00,İzmir,30.73,39,clear sky
2026-08-17T10:35:04.200192+00:00,Berlin,20.58,66,light rain
2026-08-17T10:35:04.200192+00:00,London,24.51,52,broken clouds
2026-08-17T11:29:11.950129+00:00,Istanbul,26.2,50,clear sky
2026-08-17T11:29:11.950129+00:00,Ankara,26.67,43,clear sky
2026-08-17T11:29:11.950129+00:00,İzmir,31.29,37,clear sky
2026-08-17T11:29:11.950129+00:00,Berlin,19.59,70,moderate rain
2026-08-17T11:29:11.950129+00:00,London,25.44,51,broken clouds
2026-08-17T12:50:50.473907+00:00,Istanbul,27.77,77,clear sky
2026-08-17T12:50:50.473907+00:00,Ankara,26.67,44,overcast clouds
2026-08-17T12:50:50.473907+00:00,İzmir,31.29,40,clear sky
2026-08-17T12:50:50.473907+00:00,Berlin,18.88,71,moderate rain
2026-08-17T12:50:50.473907+00:00,London,26.04,49,overcast clouds
2026-08-17T13:41:19.140810+00:00,Istanbul,27.86,100,clear sky
2026-08-17T13:41:19.140810+00:00,Ankara,26.67,44,overcast clouds
2026-08-17T13:41:19.140810+00:00,İzmir,32.4,35,clear sky
2026-08-17T13:41:19.140810+00:00,Berlin,18.89,76,light rain
2026-08-17T13:41:19.140810+00:00,London,27.07,48,overcast clouds
2026-08-17T14:31:04.906940+00:00,Istanbul,28.63,100,clear sky
2026-08-17T14:31:04.906940+00:00,Ankara,26.67,45,overcast clouds
2026-08-17T14:31:04.906940+00:00,İzmir,31.29,37,clear sky
2026-08-17T14:31:04.906940+00:00,Berlin,18.46,63,moderate rain
2026-08-17T14:31:04.906940+00:00,London,26.98,48,overcast clouds
2026-08-17T15:28:05.116137+00:00,Istanbul,27.6,100,clear sky
2026-08-17T15:28:05.116137+00:00,Ankara,25.68,48,overcast clouds
2026-08-17T15:28:05.116137+00:00,İzmir,31.29,35,clear sky
2026-08-17T15:28:05.116137+00:00,Berlin,18.11,72,light rain
2026-08-17T15:28:05.116137+00:00,London,27.53,47,overcast clouds
2026-08-17T16:31:17.313092+00:00,Istanbul,25.42,100,clear sky
2026-08-17T16:31:17.313092+00:00,Ankara,24.56,49,broken clouds
2026-08-17T16:31:17.313092+00:00,İzmir,30.73,39,clear sky
2026-08-17T16:31:17.313092+00:00,Berlin,17.91,46,overcast clouds
2026-08-17T16:31:17.313092+00:00,London,27.18,46,overcast clouds
2026-08-17T17:29:24.778245+00:00,Istanbul,25.77,100,clear sky
2026-08-17T17:29:24.778245+00:00,Ankara,22.89,53,broken clouds
2026-08-17T17:29:24.778245+00:00,İzmir,28.51,42,clear sky
2026-08-17T17:29:24.778245+00:00,Berlin,17.97,73,overcast clouds
2026-08-17T17:29:24.778245+00:00,London,27.03,47,overcast clouds
2026-08-17T18:43:46.470809+00:00,Istanbul,24.19,100,clear sky
2026-08-17T18:43:46.470809+00:00,Ankara,21.78,58,clear sky
2026-08-17T18:43:46.470809+00:00,İzmir,26.29,47,clear sky
2026-08-17T18:43:46.470809+00:00,Berlin,16.29,78,overcast clouds
2026-08-17T18:43:46.470809+00:00,London,26.12,53,overcast clouds
2026-08-17T19:30:41.152937+00:00,Istanbul,23.08,100,clear sky
2026-08-17T19:30:41.152937+00:00,Ankara,21.78,59,broken clouds
2026-08-17T19:30:41.152937+00:00,İzmir,26.29,50,clear sky
2026-08-17T19:30:41.152937+00:00,Berlin,16.29,79,overcast clouds
2026-08-17T19:30:41.152937+00:00,London,25.37,57,broken clouds
2026-08-17T20:30:30.841417+00:00,Istanbul,22.64,100,clear sky
2026-08-17T20:30:30.841417+00:00,Ankara,20.67,61,broken clouds
2026-08-17T20:30:30.841417+00:00,İzmir,24.62,64,clear sky
2026-08-17T20:30:30.841417+00:00,Berlin,16.2,80,overcast clouds
2026-08-17T20:30:30.841417+00:00,London,24.46,60,broken clouds
2026-08-17T21:28:34.013685+00:00,Istanbul,22.2,100,clear sky
2026-08-17T21:28:34.013685+00:00,Ankara,20.11,63,broken clouds
2026-08-17T21:28:34.013685+00:00,İzmir,23.51,68,clear sky
2026-08-17T21:28:34.013685+00:00,Berlin,15.92,85,overcast clouds
2026-08-17T21:28:34.013685+00:00,London,23.7,56,broken clouds
2026-08-17T22:27:30.532875+00:00,Istanbul,21.53,100,clear sky
2026-08-17T22:27:30.532875+00:00,Ankara,19.56,64,scattered clouds
2026-08-17T22:27:30.532875+00:00,İzmir,22.4,73,clear sky
2026-08-17T22:27:30.532875+00:00,Berlin,15.59,79,light rain
2026-08-17T22:27:30.532875+00:00,London,23.04,57,broken clouds
2026-08-17T23:26:18.082688+00:00,Istanbul,21.53,100,clear sky
2026-08-17T23:26:18.082688+00:00,Ankara,19.0,66,scattered clouds
2026-08-17T23:26:18.082688+00:00,İzmir,21.29,73,clear sky
2026-08-17T23:26:18.082688+00:00,Berlin,15.07,81,overcast clouds
2026-08-17T23:26:18.082688+00:00,London,21.83,64,broken clouds
2026-08-18T01:23:29.560456+00:00,Istanbul,20.42,100,clear sky
2026-08-18T01:23:29.560456+00:00,Ankara,18.45,70,clear sky
2026-08-18T01:23:29.560456+00:00,İzmir,20.73,73,clear sky
2026-08-18T01:23:29.560456+00:00,Berlin,14.52,83,broken clouds
2026-08-18T01:23:29.560456+00:00,London,20.25,65,overcast clouds
2026-08-18T02:58:08.214519+00:00,Istanbul,20.31,100,clear sky
2026-08-18T02:58:08.214519+00:00,Ankara,17.89,72,clear sky
2026-08-18T02:58:08.214519+00:00,İzmir,19.62,77,clear sky
2026-08-18T02:58:08.214519+00:00,Berlin,13.87,85,broken clouds
2026-08-18T02:58:08.214519+00:00,London,19.26,69,heavy intensity rain
2026-08-18T03:51:37.583141+00:00,Istanbul,19.86,100,clear sky
2026-08-18T03:51:37.583141+00:00,Ankara,17.89,73,clear sky
2026-08-18T03:51:37.583141+00:00,İzmir,18.51,82,clear sky
2026-08-18T03:51:37.583141+00:00,Berlin,13.71,85,broken clouds
2026-08-18T03:51:37.583141+00:00,London,18.49,78,overcast clouds
2026-08-18T04:38:36.421504+00:00,Istanbul,20.75,94,clear sky
2026-08-18T04:38:36.421504+00:00,Ankara,18.45,72,clear sky
2026-08-18T04:38:36.421504+00:00,İzmir,19.62,82,clear sky
2026-08-18T04:38:36.421504+00:00,Berlin,13.46,85,broken clouds
2026-08-18T04:38:36.421504+00:00,London,18.58,79,overcast clouds
2026-08-18T05:32:42.320348+00:00,Istanbul,22.31,68,clear sky
2026-08-18T05:32:42.320348+00:00,Ankara,20.67,63,clear sky
2026-08-18T05:32:42.320348+00:00,İzmir,21.29,78,clear sky
2026-08-18T05:32:42.320348+00:00,Berlin,13.77,85,overcast clouds
2026-08-18T05:32:42.320348+00:00,London,18.82,80,overcast clouds
2026-08-18T06:49:35.508793+00:00,Istanbul,22.31,68,clear sky
2026-08-18T06:49:35.508793+00:00,Ankara,22.89,57,clear sky
2026-08-18T06:49:35.508793+00:00,İzmir,25.73,65,clear sky
2026-08-18T06:49:35.508793+00:00,Berlin,15.1,79,overcast clouds
2026-08-18T06:49:35.508793+00:00,London,19.82,81,overcast clouds
2026-08-18T07:41:00.643564+00:00,Istanbul,22.31,73,clear sky
2026-08-18T07:41:00.643564+00:00,Ankara,24.68,53,clear sky
2026-08-18T07:41:00.643564+00:00,İzmir,27.4,54,clear sky
2026-08-18T07:41:00.643564+00:00,Berlin,16.62,76,overcast clouds
2026-08-18T07:41:00.643564+00:00,London,20.12,82,overcast clouds
2026-08-18T08:40:47.908063+00:00,Istanbul,23.42,73,clear sky
2026-08-18T08:40:47.908063+00:00,Ankara,25.68,47,clear sky
2026-08-18T08:40:47.908063+00:00,İzmir,29.62,45,clear sky
2026-08-18T08:40:47.908063+00:00,Berlin,17.94,66,overcast clouds
2026-08-18T08:40:47.908063+00:00,London,20.49,83,overcast clouds
2026-08-18T09:36:54.750118+00:00,Istanbul,24.53,73,clear sky
2026-08-18T09:36:54.750118+00:00,Ankara,26.67,42,clear sky
2026-08-18T09:36:54.750118+00:00,İzmir,31.29,40,clear sky
2026-08-18T09:36:54.750118+00:00,Berlin,18.5,69,overcast clouds
2026-08-18T09:36:54.750118+00:00,London,20.88,82,overcast clouds
2026-08-18T10:31:46.441686+00:00,Istanbul,24.53,73,clear sky
2026-08-18T10:31:46.441686+00:00,Ankara,27.89,34,clear sky
2026-08-18T10:31:46.441686+00:00,İzmir,31.29,37,clear sky
2026-08-18T10:31:46.441686+00:00,Berlin,19.11,67,overcast clouds
2026-08-18T10:31:46.441686+00:00,London,21.97,79,overcast clouds
2026-08-18T11:28:22.049137+00:00,Istanbul,25.09,65,clear sky
2026-08-18T11:28:22.049137+00:00,Ankara,28.45,30,clear sky
2026-08-18T11:28:22.049137+00:00,İzmir,32.4,35,clear sky
2026-08-18T11:28:22.049137+00:00,Berlin,20.36,61,overcast clouds
2026-08-18T11:28:22.049137+00:00,London,22.95,73,overcast clouds
2026-08-18T12:52:16.434626+00:00,Istanbul,26.2,61,clear sky
2026-08-18T12:52:16.434626+00:00,Ankara,29.56,22,clear sky
2026-08-18T12:52:16.434626+00:00,İzmir,32.4,31,clear sky
2026-08-18T12:52:16.434626+00:00,Berlin,20.99,56,overcast clouds
2026-08-18T12:52:16.434626+00:00,London,24.38,64,overcast clouds
2026-08-18T13:45:21.459674+00:00,Istanbul,30.9,90,clear sky
2026-08-18T13:45:21.459674+00:00,Ankara,29.56,26,clear sky
2026-08-18T13:45:21.459674+00:00,İzmir,33.51,31,clear sky
2026-08-18T13:45:21.459674+00:00,Berlin,22.12,54,overcast clouds
2026-08-18T13:45:21.459674+00:00,London,25.29,57,overcast clouds
2026-08-18T14:36:51.747929+00:00,Istanbul,31.07,84,clear sky
2026-08-18T14:36:51.747929+00:00,Ankara,29.56,22,few clouds
2026-08-18T14:36:51.747929+00:00,İzmir,32.4,27,clear sky
2026-08-18T14:36:51.747929+00:00,Berlin,22.31,49,overcast clouds
2026-08-18T14:36:51.747929+00:00,London,25.45,53,overcast clouds
2026-08-18T15:34:58.877694+00:00,Istanbul,30.35,64,clear sky
2026-08-18T15:34:58.877694+00:00,Ankara,29.39,26,clear sky
2026-08-18T15:34:58.877694+00:00,İzmir,32.4,25,clear sky
2026-08-18T15:34:58.877694+00:00,Berlin,22.21,53,overcast clouds
2026-08-18T15:34:58.877694+00:00,London,25.35,53,overcast clouds
2026-08-18T16:35:03.726814+00:00,Istanbul,29.75,78,clear sky
2026-08-18T16:35:03.726814+00:00,Ankara,28.45,25,clear sky
2026-08-18T16:35:03.726814+00:00,İzmir,31.29,27,clear sky
2026-08-18T16:35:03.726814+00:00,Berlin,21.1,47,overcast clouds
2026-08-18T16:35:03.726814+00:00,London,24.78,54,overcast clouds
2026-08-18T17:30:25.298718+00:00,Istanbul,27.53,81,clear sky
2026-08-18T17:30:25.298718+00:00,Ankara,27.34,28,clear sky
2026-08-18T17:30:25.298718+00:00,İzmir,30.73,42,clear sky
2026-08-18T17:30:25.298718+00:00,Berlin,20.51,60,overcast clouds
2026-08-18T17:30:25.298718+00:00,London,24.27,55,overcast clouds
2026-08-18T18:41:53.992933+00:00,Istanbul,25.19,77,clear sky
2026-08-18T18:41:53.992933+00:00,Ankara,22.36,43,clear sky
2026-08-18T18:41:53.992933+00:00,İzmir,27.73,47,clear sky
2026-08-18T18:41:53.992933+00:00,Berlin,19.37,67,overcast clouds
2026-08-18T18:41:53.992933+00:00,London,23.46,58,overcast clouds
2026-08-18T19:30:06.448232+00:00,Istanbul,24.4,77,clear sky
2026-08-18T19:30:06.448232+00:00,Ankara,24.33,37,clear sky
2026-08-18T19:30:06.448232+00:00,İzmir,26.73,47,clear sky
2026-08-18T19:30:06.448232+00:00,Berlin,18.71,73,light rain
2026-08-18T19:30:06.448232+00:00,London,22.76,59,overcast clouds
2026-08-18T20:27:37.532508+00:00,Istanbul,23.65,87,clear sky
2026-08-18T20:27:37.532508+00:00,Ankara,23.83,39,clear sky
2026-08-18T20:27:37.532508+00:00,İzmir,24.62,57,clear sky
2026-08-18T20:27:37.532508+00:00,Berlin,17.51,79,overcast clouds
2026-08-18T20:27:37.532508+00:00,London,22.23,61,overcast clouds
2026-08-18T21:27:47.769836+00:00,Istanbul,23.3,91,clear sky
2026-08-18T21:27:47.769836+00:00,Ankara,20.69,43,clear sky
2026-08-18T21:27:47.769836+00:00,İzmir,22.4,60,clear sky
2026-08-18T21:27:47.769836+00:00,Berlin,16.55,72,overcast clouds
2026-08-18T21:27:47.769836+00:00,London,21.57,65,overcast clouds
2026-08-18T22:27:02.683124+00:00,Istanbul,23.53,100,clear sky
2026-08-18T22:27:02.683124+00:00,Ankara,22.34,41,clear sky
2026-08-18T22:27:02.683124+00:00,İzmir,21.29,64,clear sky
2026-08-18T22:27:02.683124+00:00,Berlin,16.46,85,overcast clouds
2026-08-18T22:27:02.683124+00:00,London,20.94,67,overcast clouds
2026-08-18T23:24:50.391304+00:00,Istanbul,22.64,100,clear sky
2026-08-18T23:24:50.391304+00:00,Ankara,22.34,44,clear sky
2026-08-18T23:24:50.391304+00:00,İzmir,19.62,68,clear sky
2026-08-18T23:24:50.391304+00:00,Berlin,16.36,77,overcast clouds
2026-08-18T23:24:50.391304+00:00,London,20.16,69,light rain
2026-08-19T01:25:13.447112+00:00,Istanbul,21.97,100,clear sky
2026-08-19T01:25:13.447112+00:00,Ankara,20.67,49,clear sky
2026-08-19T01:25:13.447112+00:00,İzmir,19.62,68,clear sky
2026-08-19T01:25:13.447112+00:00,Berlin,16.35,91,overcast clouds
2026-08-19T01:25:13.447112+00:00,London,18.34,80,overcast clouds
2026-08-19T03:00:39.139870+00:00,Istanbul,21.97,100,clear sky
2026-08-19T03:00:39.139870+00:00,Ankara,16.25,67,clear sky
2026-08-19T03:00:39.139870+00:00,İzmir,18.51,72,clear sky
2026-08-19T03:00:39.139870+00:00,Berlin,16.26,93,overcast clouds
2026-08-19T03:00:39.139870+00:00,London,17.21,86,light rain
2026-08-19T04:40:18.193762+00:00,Istanbul,22.86,100,clear sky
2026-08-19T04:40:18.193762+00:00,Ankara,20.11,55,clear sky
2026-08-19T04:40:18.193762+00:00,İzmir,17.73,77,clear sky
2026-08-19T04:40:18.193762+00:00,Berlin,16.21,93,overcast clouds
2026-08-19T04:40:18.193762+00:00,London,16.52,89,overcast clouds
2026-08-19T05:33:38.273961+00:00,Istanbul,24.53,57,clear sky
2026-08-19T05:33:38.273961+00:00,Ankara,21.78,50,clear sky
2026-08-19T05:33:38.273961+00:00,İzmir,23.51,68,clear sky
2026-08-19T05:33:38.273961+00:00,Berlin,16.82,93,overcast clouds
2026-08-19T05:33:38.273961+00:00,London,16.45,89,overcast clouds
2026-08-19T06:49:49.823608+00:00,Istanbul,27.45,44,clear sky
2026-08-19T06:49:49.823608+00:00,Ankara,24.56,45,clear sky
2026-08-19T06:49:49.823608+00:00,İzmir,26.29,50,clear sky
2026-08-19T06:49:49.823608+00:00,Berlin,17.97,89,overcast clouds
2026-08-19T06:49:49.823608+00:00,London,16.77,88,overcast clouds
2026-08-19T07:41:00.694772+00:00,Istanbul,28.52,39,clear sky
2026-08-19T07:41:00.694772+00:00,Ankara,26.23,40,clear sky
2026-08-19T07:41:00.694772+00:00,İzmir,29.62,39,clear sky
2026-08-19T07:41:00.694772+00:00,Berlin,18.52,85,light rain
2026-08-19T07:41:00.694772+00:00,London,17.02,86,overcast clouds
2026-08-19T08:41:02.418564+00:00,Istanbul,28.52,34,scattered clouds
2026-08-19T08:41:02.418564+00:00,Ankara,28.19,36,clear sky
2026-08-19T08:41:02.418564+00:00,İzmir,31.29,30,clear sky
2026-08-19T08:41:02.418564+00:00,Berlin,18.95,85,light rain
2026-08-19T08:41:02.418564+00:00,London,17.62,85,overcast clouds
2026-08-19T09:36:58.137038+00:00,Istanbul,29.59,35,scattered clouds
2026-08-19T09:36:58.137038+00:00,Ankara,29.01,32,clear sky
2026-08-19T09:36:58.137038+00:00,İzmir,32.4,29,clear sky
2026-08-19T09:36:58.137038+00:00,Berlin,19.23,86,light rain
2026-08-19T09:36:58.137038+00:00,London,18.32,82,overcast clouds
2026-08-19T10:32:30.482677+00:00,Istanbul,29.59,35,scattered clouds
2026-08-19T10:32:30.482677+00:00,Ankara,30.06,28,clear sky
2026-08-19T10:32:30.482677+00:00,İzmir,34.62,29,clear sky
2026-08-19T10:32:30.482677+00:00,Berlin,19.51,82,light rain
2026-08-19T10:32:30.482677+00:00,London,19.78,74,overcast clouds
2026-08-19T11:28:05.071962+00:00,Istanbul,29.75,46,broken clouds
2026-08-19T11:28:05.071962+00:00,Ankara,30.62,26,clear sky
2026-08-19T11:28:05.071962+00:00,İzmir,34.62,26,clear sky
2026-08-19T11:28:05.071962+00:00,Berlin,19.03,84,moderate rain
2026-08-19T11:28:05.071962+00:00,London,21.27,68,overcast clouds
2026-08-19T12:53:24.689326+00:00,Istanbul,29.8,86,clear sky
2026-08-19T12:53:24.689326+00:00,Ankara,31.18,24,few clouds
2026-08-19T12:53:24.689326+00:00,İzmir,34.62,29,clear sky
2026-08-19T12:53:24.689326+00:00,Berlin,18.19,89,light rain
2026-08-19T12:53:24.689326+00:00,London,22.84,58,broken clouds
2026-08-19T13:47:38.866181+00:00,Istanbul,29.68,95,clear sky
2026-08-19T13:47:38.866181+00:00,Ankara,30.68,21,clear sky
2026-08-19T13:47:38.866181+00:00,İzmir,35.73,24,clear sky
2026-08-19T13:47:38.866181+00:00,Berlin,18.47,91,light rain
2026-08-19T13:47:38.866181+00:00,London,23.63,54,overcast clouds
2026-08-19T14:37:11.149923+00:00,Istanbul,29.55,95,clear sky
2026-08-19T14:37:11.149923+00:00,Ankara,31.12,22,clear sky
2026-08-19T14:37:11.149923+00:00,İzmir,35.73,26,clear sky
2026-08-19T14:37:11.149923+00:00,Berlin,18.3,91,overcast clouds
2026-08-19T14:37:11.149923+00:00,London,24.06,52,overcast clouds
2026-08-19T15:34:32.995327+00:00,Istanbul,27.95,89,clear sky
2026-08-19T15:34:32.995327+00:00,Ankara,30.44,22,clear sky
2026-08-19T15:34:32.995327+00:00,İzmir,34.62,26,clear sky
2026-08-19T15:34:32.995327+00:00,Berlin,18.86,91,overcast clouds
2026-08-19T15:34:32.995327+00:00,London,24.33,51,overcast clouds
2026-08-19T16:35:13.685539+00:00,Istanbul,26.85,89,clear sky
2026-08-19T16:35:13.685539+00:00,Ankara,29.56,16,few clouds
2026-08-19T16:35:13.685539+00:00,İzmir,33.51,30,clear sky
2026-08-19T16:35:13.685539+00:00,Berlin,19.3,91,overcast clouds
2026-08-19T16:35:13.685539+00:00,London,24.51,47,broken clouds
2026-08-19T17:29:41.566806+00:00,Istanbul,25.75,92,clear sky
2026-08-19T17:29:41.566806+00:00,Ankara,26.67,30,few clouds
2026-08-19T17:29:41.566806+00:00,İzmir,29.62,35,clear sky
2026-08-19T17:29:41.566806+00:00,Berlin,19.48,90,overcast clouds
2026-08-19T17:29:41.566806+00:00,London,24.37,44,broken clouds
2026-08-19T18:39:27.857802+00:00,Istanbul,24.8,92,clear sky
2026-08-19T18:39:27.857802+00:00,Ankara,25.0,37,clear sky
2026-08-19T18:39:27.857802+00:00,İzmir,28.51,36,clear sky
2026-08-19T18:39:27.857802+00:00,Berlin,18.6,91,overcast clouds
2026-08-19T18:39:27.857802+00:00,London,22.83,44,broken clouds
2026-08-19T19:28:44.153047+00:00,Istanbul,24.45,92,clear sky
2026-08-19T19:28:44.153047+00:00,Ankara,23.83,40,clear sky
2026-08-19T19:28:44.153047+00:00,İzmir,28.73,34,clear sky
2026-08-19T19:28:44.153047+00:00,Berlin,17.98,90,overcast clouds
2026-08-19T19:28:44.153047+00:00,London,21.18,49,overcast clouds
2026-08-19T20:32:14.699041+00:00,Istanbul,23.7,93,clear sky
2026-08-19T20:32:14.699041+00:00,Ankara,23.17,44,clear sky
2026-08-19T20:32:14.699041+00:00,İzmir,27.4,39,clear sky
2026-08-19T20:32:14.699041+00:00,Berlin,17.5,92,light rain
2026-08-19T20:32:14.699041+00:00,London,19.76,51,scattered clouds
2026-08-19T21:28:25.817721+00:00,Istanbul,23.7,93,clear sky
2026-08-19T21:28:25.817721+00:00,Ankara,19.58,49,clear sky
2026-08-19T21:28:25.817721+00:00,İzmir,26.29,44,clear sky
2026-08-19T21:28:25.817721+00:00,Berlin,17.34,93,light rain
2026-08-19T21:28:25.817721+00:00,London,18.82,56,scattered clouds
2026-08-19T22:28:02.842815+00:00,Istanbul,22.95,94,clear sky
2026-08-19T22:28:02.842815+00:00,Ankara,21.55,47,clear sky
2026-08-19T22:28:02.842815+00:00,İzmir,24.62,57,clear sky
2026-08-19T22:28:02.842815+00:00,Berlin,17.0,95,heavy intensity rain
2026-08-19T22:28:02.842815+00:00,London,17.83,62,scattered clouds
2026-08-19T23:25:37.667529+00:00,Istanbul,22.95,94,clear sky
2026-08-19T23:25:37.667529+00:00,Ankara,17.91,53,clear sky
2026-08-19T23:25:37.667529+00:00,İzmir,22.4,64,clear sky
2026-08-19T23:25:37.667529+00:00,Berlin,16.43,92,moderate rain
2026-08-19T23:25:37.667529+00:00,London,17.22,66,few clouds
2026-08-20T01:24:24.537013+00:00,Istanbul,22.6,94,clear sky
2026-08-20T01:24:24.537013+00:00,Ankara,15.69,60,clear sky
2026-08-20T01:24:24.537013+00:00,İzmir,20.73,64,clear sky
2026-08-20T01:24:24.537013+00:00,Berlin,16.07,92,overcast clouds
2026-08-20T01:24:24.537013+00:00,London,16.58,72,clear sky
2026-08-20T02:59:57.779339+00:00,Istanbul,21.85,96,clear sky
2026-08-20T02:59:57.779339+00:00,Ankara,15.13,65,clear sky
2026-08-20T02:59:57.779339+00:00,İzmir,20.73,68,clear sky
2026-08-20T02:59:57.779339+00:00,Berlin,15.99,97,overcast clouds
2026-08-20T02:59:57.779339+00:00,London,15.95,76,clear sky
2026-08-20T03:53:33.910564+00:00,Istanbul,21.85,97,clear sky
2026-08-20T03:53:33.910564+00:00,Ankara,19.0,54,clear sky
2026-08-20T03:53:33.910564+00:00,İzmir,20.73,64,clear sky
2026-08-20T03:53:33.910564+00:00,Berlin,15.82,91,broken clouds
2026-08-20T03:53:33.910564+00:00,London,15.87,77,clear sky
2026-08-20T04:40:04.814959+00:00,Istanbul,23.65,96,clear sky
2026-08-20T04:40:04.814959+00:00,Ankara,19.0,54,clear sky
2026-08-20T04:40:04.814959+00:00,İzmir,21.29,64,clear sky
2026-08-20T04:40:04.814959+00:00,Berlin,15.89,96,broken clouds
2026-08-20T04:40:04.814959+00:00,London,16.14,78,clear sky
2026-08-20T05:34:02.566351+00:00,Istanbul,23.42,65,clear sky
2026-08-20T05:34:02.566351+00:00,Ankara,17.91,64,clear sky
2026-08-20T05:34:02.566351+00:00,İzmir,22.73,60,clear sky
2026-08-20T05:34:02.566351+00:00,Berlin,16.01,96,broken clouds
2026-08-20T05:34:02.566351+00:00,London,15.82,81,clear sky
2026-08-20T06:51:45.927469+00:00,Istanbul,25.09,61,clear sky
2026-08-20T06:51:45.927469+00:00,Ankara,23.45,43,clear sky
2026-08-20T06:51:45.927469+00:00,İzmir,28.51,36,clear sky
2026-08-20T06:51:45.927469+00:00,Berlin,16.58,94,broken clouds
2026-08-20T06:51:45.927469+00:00,London,16.5,80,few clouds
2026-08-20T07:43:22.456432+00:00,Istanbul,28.03,67,clear sky
2026-08-20T07:43:22.456432+00:00,Ankara,25.67,39,clear sky
2026-08-20T07:43:22.456432+00:00,İzmir,31.29,30,clear sky
2026-08-20T07:43:22.456432+00:00,Berlin,17.13,90,broken clouds
2026-08-20T07:43:22.456432+00:00,London,17.46,77,clear sky
2026-08-20T08:42:07.908741+00:00,Istanbul,29.16,64,clear sky
2026-08-20T08:42:07.908741+00:00,Ankara,27.02,34,clear sky
2026-08-20T08:42:07.908741+00:00,İzmir,32.4,27,clear sky
2026-08-20T08:42:07.908741+00:00,Berlin,17.76,88,broken clouds
2026-08-20T08:42:07.908741+00:00,London,19.3,66,clear sky
2026-08-20T09:38:05.339104+00:00,Istanbul,29.92,42,clear sky
2026-08-20T09:38:05.339104+00:00,Ankara,27.9,32,clear sky
2026-08-20T09:38:05.339104+00:00,İzmir,35.73,23,clear sky
2026-08-20T09:38:05.339104+00:00,Berlin,19.75,80,broken clouds
2026-08-20T09:38:05.339104+00:00,London,20.6,58,clear sky
2026-08-20T10:33:55.904135+00:00,Istanbul,30.8,81,clear sky
2026-08-20T10:33:55.904135+00:00,Ankara,28.51,28,clear sky
2026-08-20T10:33:55.904135+00:00,İzmir,35.73,23,clear sky
2026-08-20T10:33:55.904135+00:00,Berlin,20.75,77,broken clouds
2026-08-20T10:33:55.904135+00:00,London,21.25,55,few clouds
2026-08-20T11:29:39.741876+00:00,Istanbul,31.28,69,clear sky
2026-08-20T11:29:39.741876+00:00,Ankara,29.51,29,clear sky
2026-08-20T11:29:39.741876+00:00,İzmir,36.29,23,clear sky
2026-08-20T11:29:39.741876+00:00,Berlin,21.66,71,broken clouds
2026-08-20T11:29:39.741876+00:00,London,21.5,54,scattered clouds
2026-08-20T12:55:10.611907+00:00,Istanbul,30.62,75,clear sky
2026-08-20T12:55:10.611907+00:00,Ankara,30.12,28,clear sky
2026-08-20T12:55:10.611907+00:00,İzmir,37.4,22,clear sky
2026-08-20T12:55:10.611907+00:00,Berlin,23.5,62,broken clouds
2026-08-20T12:55:10.611907+00:00,London,21.14,60,overcast clouds
2026-08-20T13:50:08.173117+00:00,Istanbul,30.42,93,clear sky
2026-08-20T13:50:08.173117+00:00,Ankara,30.56,26,clear sky
2026-08-20T13:50:08.173117+00:00,İzmir,37.4,23,clear sky
2026-08-20T13:50:08.173117+00:00,Berlin,23.53,57,broken clouds
2026-08-20T13:50:08.173117+00:00,London,23.05,50,overcast clouds
2026-08-20T14:39:53.009647+00:00,Istanbul,29.94,93,clear sky
2026-08-20T14:39:53.009647+00:00,Ankara,31.0,26,clear sky
2026-08-20T14:39:53.009647+00:00,İzmir,37.4,22,clear sky
2026-08-20T14:39:53.009647+00:00,Berlin,24.08,52,broken clouds
2026-08-20T14:39:53.009647+00:00,London,23.2,46,overcast clouds
2026-08-20T15:36:41.060311+00:00,Istanbul,29.4,95,clear sky
2026-08-20T15:36:41.060311+00:00,Ankara,31.23,23,clear sky
2026-08-20T15:36:41.060311+00:00,İzmir,35.73,26,clear sky
2026-08-20T15:36:41.060311+00:00,Berlin,23.8,56,broken clouds
2026-08-20T15:36:41.060311+00:00,London,23.25,46,overcast clouds
2026-08-20T16:38:32.665784+00:00,Istanbul,28.01,100,clear sky
2026-08-20T16:38:32.665784+00:00,Ankara,25.69,33,clear sky
2026-08-20T16:38:32.665784+00:00,İzmir,33.51,27,clear sky
2026-08-20T16:38:32.665784+00:00,Berlin,23.47,52,broken clouds
2026-08-20T16:38:32.665784+00:00,London,21.61,54,light rain
2026-08-20T17:32:56.334264+00:00,Istanbul,26.9,100,clear sky
2026-08-20T17:32:56.334264+00:00,Ankara,27.89,30,clear sky
2026-08-20T17:32:56.334264+00:00,İzmir,33.73,25,clear sky
2026-08-20T17:32:56.334264+00:00,Berlin,23.13,60,overcast clouds
2026-08-20T17:32:56.334264+00:00,London,19.84,63,overcast clouds
2026-08-20T18:44:03.737109+00:00,Istanbul,24.8,90,clear sky
2026-08-20T18:44:03.737109+00:00,Ankara,26.78,33,clear sky
2026-08-20T18:44:03.737109+00:00,İzmir,30.73,30,clear sky
2026-08-20T18:44:03.737109+00:00,Berlin,19.32,77,scattered clouds
2026-08-20T18:44:03.737109+00:00,London,18.43,71,overcast clouds
2026-08-20T19:34:21.601613+00:00,Istanbul,23.7,91,clear sky
2026-08-20T19:34:21.601613+00:00,Ankara,21.25,40,clear sky
2026-08-20T19:34:21.601613+00:00,İzmir,30.73,32,clear sky
2026-08-20T19:34:21.601613+00:00,Berlin,19.17,77,few clouds
2026-08-20T19:34:21.601613+00:00,London,17.77,73,overcast clouds
2026-08-20T20:32:18.609070+00:00,Istanbul,23.7,92,clear sky
2026-08-20T20:32:18.609070+00:00,Ankara,24.59,37,clear sky
2026-08-20T20:32:18.609070+00:00,İzmir,28.51,36,clear sky
2026-08-20T20:32:18.609070+00:00,Berlin,18.76,76,broken clouds
2026-08-20T20:32:18.609070+00:00,London,17.05,73,overcast clouds
2026-08-20T21:31:34.613306+00:00,Istanbul,22.6,94,clear sky
2026-08-20T21:31:34.613306+00:00,Ankara,23.48,40,clear sky
2026-08-20T21:31:34.613306+00:00,İzmir,27.4,41,clear sky
2026-08-20T21:31:34.613306+00:00,Berlin,17.69,79,broken clouds
2026-08-20T21:31:34.613306+00:00,London,16.6,77,overcast clouds
2026-08-20T22:30:55.823386+00:00,Istanbul,22.6,93,clear sky
2026-08-20T22:30:55.823386+00:00,Ankara,22.37,46,clear sky
2026-08-20T22:30:55.823386+00:00,İzmir,27.4,41,clear sky
2026-08-20T22:30:55.823386+00:00,Berlin,16.98,81,broken clouds
2026-08-20T22:30:55.823386+00:00,London,16.23,78,overcast clouds
2026-08-20T23:28:21.337087+00:00,Istanbul,22.6,94,clear sky
2026-08-20T23:28:21.337087+00:00,Ankara,22.34,49,clear sky
2026-08-20T23:28:21.337087+00:00,İzmir,26.29,44,clear sky
2026-08-20T23:28:21.337087+00:00,Berlin,16.86,82,broken clouds
2026-08-20T23:28:21.337087+00:00,London,15.92,79,broken clouds
2026-08-21T01:34:59.285769+00:00,Istanbul,21.85,97,clear sky
2026-08-21T01:34:59.285769+00:00,Ankara,15.69,65,clear sky
2026-08-21T01:34:59.285769+00:00,İzmir,25.73,53,clear sky
2026-08-21T01:34:59.285769+00:00,Berlin,15.74,84,overcast clouds
2026-08-21T01:34:59.285769+00:00,London,15.32,79,few clouds
2026-08-21T03:06:20.601385+00:00,Istanbul,21.85,97,clear sky
2026-08-21T03:06:20.601385+00:00,Ankara,15.13,70,clear sky
2026-08-21T03:06:20.601385+00:00,İzmir,20.73,53,clear sky
2026-08-21T03:06:20.601385+00:00,Berlin,15.75,84,overcast clouds
2026-08-21T03:06:20.601385+00:00,London,14.58,81,few clouds
2026-08-21T04:41:56.057996+00:00,Istanbul,23.3,97,clear sky
2026-08-21T04:41:56.057996+00:00,Ankara,19.56,59,clear sky
2026-08-21T04:41:56.057996+00:00,İzmir,24.62,57,clear sky
2026-08-21T04:41:56.057996+00:00,Berlin,14.41,89,broken clouds
2026-08-21T04:41:56.057996+00:00,London,14.3,81,few clouds
2026-08-21T05:35:54.122927+00:00,Istanbul,23.42,78,clear sky
2026-08-21T05:35:54.122927+00:00,Ankara,21.23,55,clear sky
2026-08-21T05:35:54.122927+00:00,İzmir,26.29,50,clear sky
2026-08-21T05:35:54.122927+00:00,Berlin,13.0,93,broken clouds
2026-08-21T05:35:54.122927+00:00,London,13.73,83,few clouds
2026-08-21T06:52:51.418850+00:00,Istanbul,25.95,75,clear sky
2026-08-21T06:52:51.418850+00:00,Ankara,24.0,46,clear sky
2026-08-21T06:52:51.418850+00:00,İzmir,28.51,44,clear sky
2026-08-21T06:52:51.418850+00:00,Berlin,17.15,75,broken clouds
2026-08-21T06:52:51.418850+00:00,London,14.61,81,few clouds
2026-08-21T07:46:22.377004+00:00,Istanbul,27.52,84,clear sky
2026-08-21T07:46:22.377004+00:00,Ankara,25.67,41,clear sky
2026-08-21T07:46:22.377004+00:00,İzmir,30.73,39,clear sky
2026-08-21T07:46:22.377004+00:00,Berlin,19.4,70,broken clouds
2026-08-21T07:46:22.377004+00:00,London,15.73,76,clear sky
2026-08-21T08:44:31.462963+00:00,Istanbul,28.67,81,clear sky
2026-08-21T08:44:31.462963+00:00,Ankara,28.46,36,clear sky
2026-08-21T08:44:31.462963+00:00,İzmir,32.73,35,clear sky
2026-08-21T08:44:31.462963+00:00,Berlin,21.57,64,scattered clouds
2026-08-21T08:44:31.462963+00:00,London,16.58,72,clear sky
2026-08-21T09:40:13.125096+00:00,Istanbul,28.52,51,clear sky
2026-08-21T09:40:13.125096+00:00,Ankara,29.01,34,clear sky
2026-08-21T09:40:13.125096+00:00,İzmir,34.62,31,clear sky
2026-08-21T09:40:13.125096+00:00,Berlin,22.91,59,broken clouds
2026-08-21T09:40:13.125096+00:00,London,17.94,65,clear sky
2026-08-21T10:33:53.455420+00:00,Istanbul,29.75,56,clear sky
2026-08-21T10:33:53.455420+00:00,Ankara,30.5,31,clear sky
2026-08-21T10:33:53.455420+00:00,İzmir,35.73,28,clear sky
2026-08-21T10:33:53.455420+00:00,Berlin,24.51,54,broken clouds
2026-08-21T10:33:53.455420+00:00,London,19.25,59,clear sky
2026-08-21T11:29:44.923994+00:00,Istanbul,30.15,86,clear sky
2026-08-21T11:29:44.923994+00:00,Ankara,31.18,28,clear sky
2026-08-21T11:29:44.923994+00:00,İzmir,35.73,29,clear sky
2026-08-21T11:29:44.923994+00:00,Berlin,25.38,49,scattered clouds
2026-08-21T11:29:44.923994+00:00,London,19.74,55,clear sky
2026-08-21T12:54:20.923621+00:00,Istanbul,29.45,87,clear sky
2026-08-21T12:54:20.923621+00:00,Ankara,32.29,24,clear sky
2026-08-21T12:54:20.923621+00:00,İzmir,36.73,26,clear sky
2026-08-21T12:54:20.923621+00:00,Berlin,25.86,48,overcast clouds
2026-08-21T12:54:20.923621+00:00,London,20.9,48,scattered clouds
2026-08-21T13:49:06.301767+00:00,Istanbul,28.7,89,clear sky
2026-08-21T13:49:06.301767+00:00,Ankara,32.78,18,clear sky
2026-08-21T13:49:06.301767+00:00,İzmir,36.29,28,clear sky
2026-08-21T13:49:06.301767+00:00,Berlin,25.67,46,overcast clouds
2026-08-21T13:49:06.301767+00:00,London,21.28,44,broken clouds
2026-08-21T14:38:39.637776+00:00,Istanbul,29.08,90,clear sky
2026-08-21T14:38:39.637776+00:00,Ankara,32.66,16,clear sky
2026-08-21T14:38:39.637776+00:00,İzmir,35.73,29,clear sky
2026-08-21T14:38:39.637776+00:00,Berlin,24.8,47,overcast clouds
2026-08-21T14:38:39.637776+00:00,London,21.2,43,broken clouds
2026-08-21T15:36:43.662307+00:00,Istanbul,27.52,91,clear sky
2026-08-21T15:36:43.662307+00:00,Ankara,31.55,18,clear sky
2026-08-21T15:36:43.662307+00:00,İzmir,35.73,26,clear sky
2026-08-21T15:36:43.662307+00:00,Berlin,24.1,49,overcast clouds
2026-08-21T15:36:43.662307+00:00,London,21.34,41,broken clouds
2026-08-21T16:38:18.367029+00:00,Istanbul,25.21,69,clear sky
2026-08-21T16:38:18.367029+00:00,Ankara,27.91,25,clear sky
2026-08-21T16:38:18.367029+00:00,İzmir,33.51,27,clear sky
2026-08-21T16:38:18.367029+00:00,Berlin,23.27,51,light rain
2026-08-21T16:38:18.367029+00:00,London,21.1,41,broken clouds
2026-08-21T17:31:57.374385+00:00,Istanbul,25.75,92,clear sky
2026-08-21T17:31:57.374385+00:00,Ankara,28.22,22,clear sky
2026-08-21T17:31:57.374385+00:00,İzmir,31.29,33,clear sky
2026-08-21T17:31:57.374385+00:00,Berlin,22.16,53,overcast clouds
2026-08-21T17:31:57.374385+00:00,London,20.54,42,broken clouds
2026-08-21T18:40:46.409954+00:00,Istanbul,24.45,94,clear sky
2026-08-21T18:40:46.409954+00:00,Ankara,23.47,28,clear sky
2026-08-21T18:40:46.409954+00:00,İzmir,29.62,51,clear sky
2026-08-21T18:40:46.409954+00:00,Berlin,21.12,59,light rain
2026-08-21T18:40:46.409954+00:00,London,18.79,53,overcast clouds
2026-08-21T19:28:07.425852+00:00,Istanbul,24.8,94,clear sky
2026-08-21T19:28:07.425852+00:00,Ankara,22.91,28,clear sky
2026-08-21T19:28:07.425852+00:00,İzmir,27.4,57,clear sky
2026-08-21T19:28:07.425852+00:00,Berlin,19.91,66,moderate rain
2026-08-21T19:28:07.425852+00:00,London,17.32,60,overcast clouds
2026-08-21T20:29:11.834759+00:00,Istanbul,23.47,83,clear sky
2026-08-21T20:29:11.834759+00:00,Ankara,25.67,30,clear sky
2026-08-21T20:29:11.834759+00:00,İzmir,25.73,69,clear sky
2026-08-21T20:29:11.834759+00:00,Berlin,17.88,77,overcast clouds
2026-08-21T20:29:11.834759+00:00,London,15.57,68,overcast clouds
2026-08-21T21:27:54.477087+00:00,Istanbul,24.05,96,clear sky
2026-08-21T21:27:54.477087+00:00,Ankara,24.56,35,clear sky
2026-08-21T21:27:54.477087+00:00,İzmir,23.51,78,clear sky
2026-08-21T21:27:54.477087+00:00,Berlin,17.35,81,overcast clouds
2026-08-21T21:27:54.477087+00:00,London,14.67,70,overcast clouds
2026-08-21T22:28:23.910970+00:00,Istanbul,23.7,96,clear sky
2026-08-21T22:28:23.910970+00:00,Ankara,23.45,38,clear sky
2026-08-21T22:28:23.910970+00:00,İzmir,23.51,78,clear sky
2026-08-21T22:28:23.910970+00:00,Berlin,16.75,85,overcast clouds
2026-08-21T22:28:23.910970+00:00,London,14.58,74,overcast clouds
2026-08-21T23:27:21.771309+00:00,Istanbul,23.7,96,clear sky
2026-08-21T23:27:21.771309+00:00,Ankara,22.89,42,clear sky
2026-08-21T23:27:21.771309+00:00,İzmir,22.4,78,clear sky
2026-08-21T23:27:21.771309+00:00,Berlin,16.27,86,overcast clouds
2026-08-21T23:27:21.771309+00:00,London,14.69,76,broken clouds
2026-08-22T01:24:08.256715+00:00,Istanbul,23.35,94,few clouds
2026-08-22T01:24:08.256715+00:00,Ankara,21.23,47,clear sky
2026-08-22T01:24:08.256715+00:00,İzmir,21.29,83,clear sky
2026-08-22T01:24:08.256715+00:00,Berlin,16.05,91,light rain
2026-08-22T01:24:08.256715+00:00,London,14.46,76,scattered clouds
2026-08-22T02:57:24.021091+00:00,Istanbul,23.35,94,few clouds
2026-08-22T02:57:24.021091+00:00,Ankara,20.67,44,clear sky
2026-08-22T02:57:24.021091+00:00,İzmir,21.29,83,clear sky
2026-08-22T02:57:24.021091+00:00,Berlin,15.08,94,overcast clouds
2026-08-22T02:57:24.021091+00:00,London,13.28,77,few clouds
2026-08-22T03:48:24.021936+00:00,Istanbul,24.05,96,few clouds
2026-08-22T03:48:24.021936+00:00,Ankara,21.23,42,clear sky
2026-08-22T03:48:24.021936+00:00,İzmir,21.29,78,clear sky
2026-08-22T03:48:24.021936+00:00,Berlin,15.3,93,overcast clouds
2026-08-22T03:48:24.021936+00:00,London,12.58,80,few clouds
2026-08-22T04:36:13.695998+00:00,Istanbul,24.4,94,few clouds
2026-08-22T04:36:13.695998+00:00,Ankara,16.51,40,clear sky
2026-08-22T04:36:13.695998+00:00,İzmir,20.73,73,clear sky
2026-08-22T04:36:13.695998+00:00,Berlin,15.09,94,light rain
2026-08-22T04:36:13.695998+00:00,London,12.12,81,few clouds
2026-08-22T05:30:41.980956+00:00,Istanbul,24.53,73,few clouds
2026-08-22T05:30:41.980956+00:00,Ankara,25.11,37,clear sky
2026-08-22T05:30:41.980956+00:00,İzmir,23.51,64,clear sky
2026-08-22T05:30:41.980956+00:00,Berlin,15.04,95,overcast clouds
2026-08-22T05:30:41.980956+00:00,London,11.7,82,few clouds
2026-08-22T06:44:55.612958+00:00,Istanbul,25.21,69,clear sky
2026-08-22T06:44:55.612958+00:00,Ankara,26.23,36,clear sky
2026-08-22T06:44:55.612958+00:00,İzmir,27.4,54,clear sky
2026-08-22T06:44:55.612958+00:00,Berlin,15.41,92,overcast clouds
2026-08-22T06:44:55.612958+00:00,London,12.82,80,clear sky
2026-08-22T07:34:26.095356+00:00,Istanbul,25.09,73,clear sky
2026-08-22T07:34:26.095356+00:00,Ankara,27.89,33,clear sky
2026-08-22T07:34:26.095356+00:00,İzmir,29.62,51,clear sky
2026-08-22T07:34:26.095356+00:00,Berlin,15.9,90,overcast clouds
2026-08-22T07:34:26.095356+00:00,London,14.1,75,clear sky
2026-08-22T08:33:59.626019+00:00,Istanbul,27.84,89,clear sky
2026-08-22T08:33:59.626019+00:00,Ankara,29.8,26,clear sky
2026-08-22T08:33:59.626019+00:00,İzmir,31.73,42,clear sky
2026-08-22T08:33:59.626019+00:00,Berlin,17.44,79,overcast clouds
2026-08-22T08:33:59.626019+00:00,London,16.1,66,clear sky
2026-08-22T09:30:27.873423+00:00,Istanbul,25.09,73,clear sky
2026-08-22T09:30:27.873423+00:00,Ankara,30.73,27,clear sky
2026-08-22T09:30:27.873423+00:00,İzmir,32.73,37,clear sky
2026-08-22T09:30:27.873423+00:00,Berlin,18.69,67,overcast clouds
2026-08-22T09:30:27.873423+00:00,London,17.9,56,clear sky
2026-08-22T10:27:32.330684+00:00,Istanbul,26.2,69,clear sky
2026-08-22T10:27:32.330684+00:00,Ankara,32.29,26,clear sky
2026-08-22T10:27:32.330684+00:00,İzmir,33.73,35,clear sky
2026-08-22T10:27:32.330684+00:00,Berlin,19.95,60,overcast clouds
2026-08-22T10:27:32.330684+00:00,London,18.76,51,clear sky
2026-08-22T11:23:15.735679+00:00,Istanbul,30.7,80,clear sky
2026-08-22T11:23:15.735679+00:00,Ankara,32.84,20,clear sky
2026-08-22T11:23:15.735679+00:00,İzmir,34.73,29,clear sky
2026-08-22T11:23:15.735679+00:00,Berlin,19.95,58,overcast clouds
2026-08-22T11:23:15.735679+00:00,London,19.96,48,clear sky
2026-08-22T12:45:08.830051+00:00,Istanbul,29.56,83,clear sky
2026-08-22T12:45:08.830051+00:00,Ankara,33.95,18,clear sky
2026-08-22T12:45:08.830051+00:00,İzmir,35.73,31,clear sky
2026-08-22T12:45:08.830051+00:00,Berlin,20.91,54,overcast clouds
2026-08-22T12:45:08.830051+00:00,London,21.17,43,clear sky
2026-08-22T13:34:10.172438+00:00,Istanbul,30.25,90,clear sky
2026-08-22T13:34:10.172438+00:00,Ankara,34.51,16,clear sky
2026-08-22T13:34:10.172438+00:00,İzmir,35.73,31,clear sky
2026-08-22T13:34:10.172438+00:00,Berlin,21.19,54,overcast clouds
2026-08-22T13:34:10.172438+00:00,London,21.72,42,clear sky
2026-08-22T14:25:03.997512+00:00,Istanbul,29.35,92,clear sky
2026-08-22T14:25:03.997512+00:00,Ankara,34.88,18,clear sky
2026-08-22T14:25:03.997512+00:00,İzmir,34.62,36,clear sky
2026-08-22T14:25:03.997512+00:00,Berlin,20.77,54,overcast clouds
2026-08-22T14:25:03.997512+00:00,London,22.28,37,clear sky
2026-08-22T15:24:44.641426+00:00,Istanbul,29.05,88,clear sky
2026-08-22T15:24:44.641426+00:00,Ankara,34.56,17,clear sky
2026-08-22T15:24:44.641426+00:00,İzmir,33.51,38,clear sky
2026-08-22T15:24:44.641426+00:00,Berlin,20.69,55,overcast clouds
2026-08-22T15:24:44.641426+00:00,London,22.2,38,few clouds
2026-08-22T16:28:18.607797+00:00,Istanbul,26.85,90,clear sky
2026-08-22T16:28:18.607797+00:00,Ankara,32.89,19,clear sky
2026-08-22T16:28:18.607797+00:00,İzmir,32.4,40,clear sky
2026-08-22T16:28:18.607797+00:00,Berlin,19.56,57,overcast clouds
2026-08-22T16:28:18.607797+00:00,London,22.39,36,few clouds
2026-08-22T17:23:44.780700+00:00,Istanbul,25.75,91,clear sky
2026-08-22T17:23:44.780700+00:00,Ankara,26.25,31,clear sky
2026-08-22T17:23:44.780700+00:00,İzmir,29.62,48,clear sky
2026-08-22T17:23:44.780700+00:00,Berlin,19.11,58,overcast clouds
2026-08-22T17:23:44.780700+00:00,London,21.49,37,few clouds
2026-08-22T18:35:14.625074+00:00,Istanbul,24.8,93,clear sky
2026-08-22T18:35:14.625074+00:00,Ankara,29.56,27,clear sky
2026-08-22T18:35:14.625074+00:00,İzmir,28.51,54,clear sky
2026-08-22T18:35:14.625074+00:00,Berlin,18.2,61,overcast clouds
2026-08-22T18:35:14.625074+00:00,London,20.36,42,broken clouds
2026-08-22T19:24:50.358526+00:00,Istanbul,24.4,94,clear sky
2026-08-22T19:24:50.358526+00:00,Ankara,28.17,33,clear sky
2026-08-22T19:24:50.358526+00:00,İzmir,27.4,54,clear sky
2026-08-22T19:24:50.358526+00:00,Berlin,17.07,65,overcast clouds
2026-08-22T19:24:50.358526+00:00,London,19.32,48,broken clouds
2026-08-22T20:26:20.471123+00:00,Istanbul,24.05,94,clear sky
2026-08-22T20:26:20.471123+00:00,Ankara,26.5,37,clear sky
2026-08-22T20:26:20.471123+00:00,İzmir,25.73,73,clear sky
2026-08-22T20:26:20.471123+00:00,Berlin,16.09,71,broken clouds
2026-08-22T20:26:20.471123+00:00,London,17.63,58,broken clouds
2026-08-22T21:24:53.394409+00:00,Istanbul,24.19,100,clear sky
2026-08-22T21:24:53.394409+00:00,Ankara,23.47,43,clear sky
2026-08-22T21:24:53.394409+00:00,İzmir,23.51,83,clear sky
2026-08-22T21:24:53.394409+00:00,Berlin,15.6,74,broken clouds
2026-08-22T21:24:53.394409+00:00,London,16.6,62,broken clouds
2026-08-22T22:25:38.348569+00:00,Istanbul,23.3,96,clear sky
2026-08-22T22:25:38.348569+00:00,Ankara,22.91,45,clear sky
2026-08-22T22:25:38.348569+00:00,İzmir,22.4,88,clear sky
2026-08-22T22:25:38.348569+00:00,Berlin,14.74,79,scattered clouds
2026-08-22T22:25:38.348569+00:00,London,15.86,67,overcast clouds
2026-08-22T23:24:05.825676+00:00,Istanbul,23.08,100,clear sky
2026-08-22T23:24:05.825676+00:00,Ankara,20.69,50,clear sky
2026-08-22T23:24:05.825676+00:00,İzmir,22.4,88,clear sky
2026-08-22T23:24:05.825676+00:00,Berlin,14.28,82,scattered clouds
2026-08-22T23:24:05.825676+00:00,London,14.69,74,overcast clouds
2026-08-23T01:37:22.663877+00:00,Istanbul,21.85,97,clear sky
2026-08-23T01:37:22.663877+00:00,Ankara,19.02,58,clear sky
2026-08-23T01:37:22.663877+00:00,İzmir,20.73,83,clear sky
2026-08-23T01:37:22.663877+00:00,Berlin,13.16,86,broken clouds
2026-08-23T01:37:22.663877+00:00,London,13.56,77,overcast clouds
2026-08-23T03:05:36.666410+00:00,Istanbul,21.97,100,clear sky
2026-08-23T03:05:36.666410+00:00,Ankara,19.02,58,clear sky
2026-08-23T03:05:36.666410+00:00,İzmir,20.73,82,clear sky
2026-08-23T03:05:36.666410+00:00,Berlin,12.55,87,broken clouds
2026-08-23T03:05:36.666410+00:00,London,12.63,81,overcast clouds
2026-08-23T04:40:21.458393+00:00,Istanbul,22.6,96,clear sky
2026-08-23T04:40:21.458393+00:00,Ankara,23.45,45,clear sky
2026-08-23T04:40:21.458393+00:00,İzmir,20.73,83,clear sky
2026-08-23T04:40:21.458393+00:00,Berlin,12.78,87,broken clouds
2026-08-23T04:40:21.458393+00:00,London,12.28,83,overcast clouds
2026-08-23T05:31:59.538949+00:00,Istanbul,23.42,78,clear sky
2026-08-23T05:31:59.538949+00:00,Ankara,23.77,50,clear sky
2026-08-23T05:31:59.538949+00:00,İzmir,22.73,73,clear sky
2026-08-23T05:31:59.538949+00:00,Berlin,13.45,84,broken clouds
2026-08-23T05:31:59.538949+00:00,London,12.77,81,overcast clouds
2026-08-23T06:46:41.697640+00:00,Istanbul,24.53,73,clear sky
2026-08-23T06:46:41.697640+00:00,Ankara,29.02,43,clear sky
2026-08-23T06:46:41.697640+00:00,İzmir,28.51,61,clear sky
2026-08-23T06:46:41.697640+00:00,Berlin,14.3,81,overcast clouds
2026-08-23T06:46:41.697640+00:00,London,13.71,81,broken clouds
2026-08-23T07:35:45.753704+00:00,Istanbul,24.53,73,clear sky
2026-08-23T07:35:45.753704+00:00,Ankara,33.47,36,clear sky
2026-08-23T07:35:45.753704+00:00,İzmir,31.29,45,clear sky
2026-08-23T07:35:45.753704+00:00,Berlin,15.08,78,overcast clouds
2026-08-23T07:35:45.753704+00:00,London,14.29,80,overcast clouds
2026-08-23T08:33:58.829786+00:00,Istanbul,24.53,73,clear sky
2026-08-23T08:33:58.829786+00:00,Ankara,29.86,32,clear sky
2026-08-23T08:33:58.829786+00:00,İzmir,31.73,40,clear sky
2026-08-23T08:33:58.829786+00:00,Berlin,15.65,75,overcast clouds
2026-08-23T08:33:58.829786+00:00,London,17.79,70,overcast clouds
2026-08-23T09:30:54.011582+00:00,Istanbul,25.09,69,clear sky
2026-08-23T09:30:54.011582+00:00,Ankara,32.23,25,clear sky
2026-08-23T09:30:54.011582+00:00,İzmir,34.62,33,clear sky
2026-08-23T09:30:54.011582+00:00,Berlin,16.18,75,overcast clouds
2026-08-23T09:30:54.011582+00:00,London,20.03,61,overcast clouds
2026-08-23T10:27:38.265303+00:00,Istanbul,25.68,69,clear sky
2026-08-23T10:27:38.265303+00:00,Ankara,32.84,23,clear sky
2026-08-23T10:27:38.265303+00:00,İzmir,34.73,27,clear sky
2026-08-23T10:27:38.265303+00:00,Berlin,16.83,68,overcast clouds
2026-08-23T10:27:38.265303+00:00,London,21.79,50,overcast clouds
2026-08-23T11:23:46.668476+00:00,Istanbul,26.39,69,clear sky
2026-08-23T11:23:46.668476+00:00,Ankara,33.4,23,clear sky
2026-08-23T11:23:46.668476+00:00,İzmir,36.73,21,clear sky
2026-08-23T11:23:46.668476+00:00,Berlin,17.31,67,overcast clouds
2026-08-23T11:23:46.668476+00:00,London,22.33,43,broken clouds
2026-08-23T12:46:09.563931+00:00,Istanbul,32.27,68,clear sky
2026-08-23T12:46:09.563931+00:00,Ankara,34.45,22,overcast clouds
2026-08-23T12:46:09.563931+00:00,İzmir,37.73,19,clear sky
2026-08-23T12:46:09.563931+00:00,Berlin,18.03,64,overcast clouds
2026-08-23T12:46:09.563931+00:00,London,22.98,40,clear sky
2026-08-23T13:34:32.577751+00:00,Istanbul,31.91,67,clear sky
2026-08-23T13:34:32.577751+00:00,Ankara,33.95,21,broken clouds
2026-08-23T13:34:32.577751+00:00,İzmir,38.73,20,clear sky
2026-08-23T13:34:32.577751+00:00,Berlin,19.2,61,overcast clouds
2026-08-23T13:34:32.577751+00:00,London,23.73,39,clear sky
2026-08-23T14:26:41.508800+00:00,Istanbul,31.38,74,clear sky
2026-08-23T14:26:41.508800+00:00,Ankara,33.77,22,broken clouds
2026-08-23T14:26:41.508800+00:00,İzmir,37.4,23,clear sky
2026-08-23T14:26:41.508800+00:00,Berlin,19.17,58,overcast clouds
2026-08-23T14:26:41.508800+00:00,London,24.22,36,clear sky
